company_id,cluster_id
ABB,4
ABB,4
ABB,2
ABB,2
ABB,0
ABB,0
ABB,1
ABB,1
ABB,0
ABB,0
ABB,0
ABB,0
ADANIENSOL,2
ADANIENSOL,4
ADANIENSOL,0
ADANIENSOL,0
ADANIENSOL,4
ADANIENSOL,0
ADANIENT,0
ADANIENT,1
ADANIENT,0
ADANIENT,0
ADANIENT,0
ADANIENT,2
ADANIGREEN,4
ADANIGREEN,0
ADANIGREEN,1
ADANIGREEN,1
ADANIGREEN,1
ADANIGREEN,1
ADANIPORTS,2
ADANIPORTS,2
ADANIPORTS,2
ADANIPORTS,1
ADANIPORTS,1
ADANIPORTS,2
ADANIPOWER,1
ADANIPOWER,2
ADANIPOWER,0
ADANIPOWER,0
ADANIPOWER,4
ADANIPOWER,4
AMBUJACEM,1
AMBUJACEM,0
AMBUJACEM,4
AMBUJACEM,1
AMBUJACEM,0
AMBUJACEM,2
APOLLOHOSP,0
APOLLOHOSP,4
APOLLOHOSP,1
APOLLOHOSP,0
APOLLOHOSP,4
APOLLOHOSP,0
ASIANPAINT,1
ASIANPAINT,1
ASIANPAINT,2
ASIANPAINT,1
ASIANPAINT,2
ASIANPAINT,2
ATGL,1
ATGL,4
ATGL,1
ATGL,0
ATGL,1
ATGL,2
AXISBANK,1
AXISBANK,0
AXISBANK,2
AXISBANK,0
AXISBANK,4
AXISBANK,1
BAJAJ-AUTO,4
BAJAJ-AUTO,4
BAJAJ-AUTO,2
BAJAJ-AUTO,2
BAJAJ-AUTO,4
BAJAJ-AUTO,4
BAJAJ-AUTO,2
BAJAJ-AUTO,2
BAJAJ-AUTO,2
BAJAJ-AUTO,2
BAJAJ-AUTO,4
BAJAJ-AUTO,4
BAJAJFINSV,1
BAJAJFINSV,1
BAJAJFINSV,2
BAJAJFINSV,0
BAJAJFINSV,0
BAJAJFINSV,1
BAJAJHLDNG,0
BAJAJHLDNG,0
BAJAJHLDNG,4
BAJAJHLDNG,0
BAJAJHLDNG,1
BAJAJHLDNG,4
BAJFINANCE,0
BAJFINANCE,2
BAJFINANCE,1
BAJFINANCE,2
BAJFINANCE,1
BAJFINANCE,0
BANKBARODA,4
BANKBARODA,0
BANKBARODA,0
BANKBARODA,2
BANKBARODA,1
BANKBARODA,1
BEL,2
BEL,2
BEL,2
BEL,2
BEL,4
BEL,4
BHARTIARTL,2
BHARTIARTL,0
BHARTIARTL,1
BHARTIARTL,2
BHARTIARTL,2
BHARTIARTL,2
BHEL,4
BHEL,0
BHEL,2
BHEL,4
BHEL,4
BHEL,4
BOSCHLTD,2
BOSCHLTD,4
BOSCHLTD,1
BOSCHLTD,1
BOSCHLTD,1
BOSCHLTD,0
BPCL,1
BPCL,4
BPCL,1
BPCL,1
BPCL,1
BPCL,2
BRITANNIA,4
BRITANNIA,1
BRITANNIA,1
BRITANNIA,0
BRITANNIA,1
BRITANNIA,2
CANBK,1
CANBK,4
CANBK,4
CANBK,2
CANBK,0
CANBK,4
CHOLAFIN,1
CHOLAFIN,4
CHOLAFIN,4
CHOLAFIN,0
CHOLAFIN,4
CHOLAFIN,4
CIPLA,2
CIPLA,1
CIPLA,0
CIPLA,4
CIPLA,4
CIPLA,2
COALINDIA,0
COALINDIA,4
COALINDIA,2
COALINDIA,1
COALINDIA,4
COALINDIA,4
DABUR,4
DABUR,4
DABUR,0
DABUR,4
DABUR,0
DABUR,0
DIVISLAB,2
DIVISLAB,1
DIVISLAB,1
DIVISLAB,2
DIVISLAB,1
DIVISLAB,2
DLF,4
DLF,0
DLF,4
DLF,1
DLF,0
DLF,4
DMART,2
DMART,1
DMART,4
DMART,1
DMART,4
DMART,2
DRREDDY,4
DRREDDY,1
DRREDDY,1
DRREDDY,1
DRREDDY,4
DRREDDY,4
EICHERMOT,2
EICHERMOT,4
EICHERMOT,2
EICHERMOT,1
EICHERMOT,1
EICHERMOT,4
GAIL,1
GAIL,1
GAIL,1
GAIL,0
GAIL,4
GAIL,4
GODREJCP,1
GODREJCP,0
GODREJCP,1
GODREJCP,0
GODREJCP,4
GODREJCP,4
GRASIM,2
GRASIM,4
GRASIM,1
GRASIM,4
GRASIM,0
GRASIM,0
HAL,4
HAL,2
HAL,1
HAL,0
HAL,1
HAL,0
HAVELLS,0
HAVELLS,4
HAVELLS,4
HAVELLS,0
HAVELLS,2
HAVELLS,4
HCLTECH,0
HCLTECH,1
HCLTECH,0
HCLTECH,0
HCLTECH,1
HCLTECH,2
HDFCBANK,2
HDFCBANK,4
HDFCBANK,1
HDFCBANK,1
HDFCBANK,1
HDFCBANK,2
HDFCLIFE,2
HDFCLIFE,0
HDFCLIFE,4
HDFCLIFE,0
HDFCLIFE,4
HDFCLIFE,2
HEROMOTOCO,0
HEROMOTOCO,2
HEROMOTOCO,2
HEROMOTOCO,0
HEROMOTOCO,1
HEROMOTOCO,2
HINDALCO,4
HINDALCO,1
HINDALCO,2
HINDALCO,0
HINDALCO,0
HINDALCO,2
HINDUNILVR,1
HINDUNILVR,1
HINDUNILVR,4
HINDUNILVR,1
HINDUNILVR,1
HINDUNILVR,4
ICICIBANK,0
ICICIBANK,1
ICICIBANK,4
ICICIBANK,0
ICICIBANK,2
ICICIBANK,1
ICICIGI,0
ICICIGI,0
ICICIGI,0
ICICIGI,0
ICICIGI,4
ICICIGI,2
ICICIPRULI,2
ICICIPRULI,1
ICICIPRULI,1
ICICIPRULI,0
ICICIPRULI,0
ICICIPRULI,4
INDIGO,2
INDIGO,4
INDIGO,2
INDIGO,4
INDIGO,2
INDIGO,2
INDUSINDBK,2
INDUSINDBK,2
INDUSINDBK,0
INDUSINDBK,2
INDUSINDBK,0
INDUSINDBK,1
INFY,4
INFY,4
INFY,1
INFY,4
INFY,0
INFY,4
IOC,4
IOC,2
IOC,4
IOC,2
IOC,0
IOC,1
IRCTC,0
IRCTC,4
IRCTC,2
IRCTC,1
IRCTC,4
IRCTC,2
IRFC,1
IRFC,4
IRFC,2
IRFC,1
IRFC,2
IRFC,1
ITC,0
ITC,2
ITC,2
ITC,4
ITC,2
ITC,0
JINDALSTEL,4
JINDALSTEL,2
JINDALSTEL,4
JINDALSTEL,2
JINDALSTEL,0
JINDALSTEL,0
JIOFIN,4
JIOFIN,1
JIOFIN,0
JIOFIN,2
JIOFIN,0
JIOFIN,4
JSWENERGY,4
JSWENERGY,4
JSWENERGY,2
JSWENERGY,1
JSWENERGY,1
JSWENERGY,4
JSWSTEEL,4
JSWSTEEL,1
JSWSTEEL,2
JSWSTEEL,4
JSWSTEEL,4
JSWSTEEL,2
KOTAKBANK,4
KOTAKBANK,1
KOTAKBANK,1
KOTAKBANK,2
KOTAKBANK,2
KOTAKBANK,1
LICI,2
LICI,1
LICI,3
LICI,1
LICI,0
LICI,4
LODHA,0
LODHA,0
LODHA,4
LODHA,1
LODHA,4
LODHA,2
LT,2
LT,1
LT,4
LT,4
LT,4
LT,1
LTIM,2
LTIM,2
LTIM,4
LTIM,4
LTIM,0
LTIM,0
M&M,0
M&M,0
M&M,4
M&M,0
M&M,4
M&M,1
MARUTI,2
MARUTI,1
MARUTI,0
MARUTI,1
MARUTI,4
MARUTI,1
MOTHERSON,4
MOTHERSON,4
MOTHERSON,4
MOTHERSON,2
MOTHERSON,4
MOTHERSON,1
NAUKRI,4
NAUKRI,1
NAUKRI,4
NAUKRI,4
NAUKRI,2
NAUKRI,4
NESTLEIND,2
NESTLEIND,2
NESTLEIND,4
NESTLEIND,0
NESTLEIND,1
NESTLEIND,0
NHPC,2
NHPC,0
NHPC,4
NHPC,2
NHPC,0
NHPC,0
NTPC,1
NTPC,1
NTPC,0
NTPC,2
NTPC,0
NTPC,1
ONGC,2
ONGC,0
ONGC,1
ONGC,4
ONGC,2
ONGC,4
PFC,1
PFC,1
PFC,2
PFC,1
PFC,1
PFC,1
PIDILITIND,4
PIDILITIND,2
PIDILITIND,2
PIDILITIND,1
PIDILITIND,1
PIDILITIND,4
PNB,2
PNB,4
PNB,4
PNB,4
PNB,1
PNB,4
POWERGRID,0
POWERGRID,1
POWERGRID,4
POWERGRID,2
POWERGRID,4
POWERGRID,2
RECLTD,2
RECLTD,1
RECLTD,1
RECLTD,2
RECLTD,2
RECLTD,1
RELIANCE,4
RELIANCE,2
RELIANCE,4
RELIANCE,4
RELIANCE,2
RELIANCE,2
SBILIFE,1
SBILIFE,1
SBILIFE,0
SBILIFE,2
SBILIFE,0
SBILIFE,2
SBIN,1
SBIN,1
SBIN,4
SBIN,2
SBIN,2
SBIN,2
SHREECEM,4
SHREECEM,0
SHREECEM,1
SHREECEM,1
SHREECEM,4
SHREECEM,1
SHRIRAMFIN,0
SHRIRAMFIN,4
SHRIRAMFIN,4
SHRIRAMFIN,4
SHRIRAMFIN,2
SHRIRAMFIN,2
SIEMENS,1
SIEMENS,4
SIEMENS,1
SIEMENS,2
SIEMENS,2
SIEMENS,4
SUNPHARMA,2
SUNPHARMA,1
SUNPHARMA,1
SUNPHARMA,4
SUNPHARMA,1
SUNPHARMA,1
TATACONSUM,1
TATACONSUM,4
TATACONSUM,2
TATACONSUM,1
TATACONSUM,2
TATACONSUM,2
TATAMOTORS,4
TATAMOTORS,1
TATAMOTORS,4
TATAMOTORS,0
TATAMOTORS,1
TATAMOTORS,0
TATAPOWER,1
TATAPOWER,1
TATAPOWER,2
TATAPOWER,0
TATAPOWER,4
TATAPOWER,1
TATASTEEL,0
TATASTEEL,0
TATASTEEL,0
TATASTEEL,4
TATASTEEL,1
TATASTEEL,2
TCS,1
TCS,1
TCS,0
TCS,0
TCS,0
TCS,0
TCS,4
TCS,4
TCS,4
TCS,4
TCS,2
TCS,2
TECHM,1
TECHM,2
TECHM,2
TECHM,4
TECHM,1
TECHM,0
TITAN,0
TITAN,1
TITAN,1
TITAN,2
TITAN,1
TITAN,4
TORNTPHARM,2
TORNTPHARM,2
TORNTPHARM,4
TORNTPHARM,2
TORNTPHARM,4
TORNTPHARM,2
TRENT,2
TRENT,0
TRENT,0
TRENT,0
TRENT,2
TRENT,4
TVSMOTOR,1
TVSMOTOR,1
TVSMOTOR,0
TVSMOTOR,4
TVSMOTOR,0
TVSMOTOR,0
