id,company_id,year,market_cap_crore,enterprise_value_crore,pe_ratio,pb_ratio,ev_ebitda,dividend_yield_pct,free_cash_flow,fcf_yield_pct,broad_sector,sector_median_pe,pe_difference_pct,valuation_flag
1,ABB,2019,844312.98,814410.48,19.29,14.26,22.84,0.84,242.0,0.028662356937826542,Industrials,49.83,-61.28838049367851,Discount
1,ABB,2019,844312.98,814410.48,19.29,14.26,22.84,0.84,-459.0,-0.05436372658868752,Industrials,49.83,-61.28838049367851,Discount
2,ABB,2020,923674.33,1120679.72,67.54,13.03,24.93,3.9,225.0,0.02435923492644859,Industrials,49.83,35.540838852097146,Caution
2,ABB,2020,923674.33,1120679.72,67.54,13.03,24.93,3.9,-206.0,-0.022302232865992932,Industrials,49.83,35.540838852097146,Caution
3,ABB,2021,1020674.09,1166450.81,62.63,6.67,7.58,1.58,655.0,0.06417327591807488,Industrials,49.83,25.6873369456151,Caution
3,ABB,2021,1020674.09,1166450.81,62.63,6.67,7.58,1.58,-225.0,-0.022044255086361604,Industrials,49.83,25.6873369456151,Caution
4,ABB,2022,1185994.82,1158637.42,18.68,4.75,6.12,3.35,552.0,0.0465432049694787,Industrials,49.83,-62.512542644992976,Discount
4,ABB,2022,1185994.82,1158637.42,18.68,4.75,6.12,3.35,161.0,0.013575101449431288,Industrials,49.83,-62.512542644992976,Discount
5,ABB,2023,1161513.28,1103083.77,58.34,12.72,5.7,1.05,745.0,0.06414046337894648,Industrials,49.83,17.078065422436296,Fair
5,ABB,2023,1161513.28,1103083.77,58.34,12.72,5.7,1.05,-922.0,-0.07937920434280356,Industrials,49.83,17.078065422436296,Fair
6,ABB,2024,1536236.24,1619349.16,75.58,4.48,12.63,0.96,797.0,0.051880041574855706,Industrials,49.83,51.67569737106162,Caution
6,ABB,2024,1536236.24,1619349.16,75.58,4.48,12.63,0.96,1095.0,0.07127809977975783,Industrials,49.83,51.67569737106162,Caution
7,ADANIENSOL,2019,171905.69,222090.81,76.72,12.85,34.64,2.97,-459.0,-0.26700686870806895,Energy,41.495,84.88974575250032,Caution
8,ADANIENSOL,2020,217135.25,213517.12,35.93,9.79,35.62,2.97,-206.0,-0.09487174468447661,Energy,41.495,-13.41125436799614,Fair
9,ADANIENSOL,2021,275655.59,300348.76,59.65,14.71,10.37,4.17,-225.0,-0.08162359413788778,Energy,41.495,43.75225930835041,Caution
10,ADANIENSOL,2022,306303.52,354481.15,71.21,6.44,19.65,2.37,161.0,0.052562242836778364,Energy,41.495,71.61103747439451,Caution
11,ADANIENSOL,2023,263283.51,289260.77,28.96,13.96,8.07,2.07,-922.0,-0.350192839650307,Energy,41.495,-30.208458850463906,Discount
12,ADANIENSOL,2024,348517.36,439276.19,58.5,9.05,14.83,1.65,1095.0,0.3141880794689826,Energy,41.495,40.980841065188585,Caution
13,ADANIENT,2019,173718.83,178851.86,56.08,5.69,21.25,2.5,5723.0,3.294403951488736,Industrials,49.83,12.542644992976118,Fair
14,ADANIENT,2020,217309.44,213933.01,36.71,2.39,7.65,2.72,1372.0,0.6313577541776372,Industrials,49.83,-26.329520369255466,Discount
15,ADANIENT,2021,205258.66,189642.53,72.59,8.25,9.71,0.24,-4568.0,-2.2254846640818955,Industrials,49.83,45.675296006421846,Caution
16,ADANIENT,2022,186771.02,203306.77,56.13,9.8,10.05,2.85,-15656.0,-8.382456764438082,Industrials,49.83,12.642986152919935,Fair
17,ADANIENT,2023,196563.95,213448.3,65.7,5.32,10.14,3.93,2167.0,1.10244019821539,Industrials,49.83,31.84828416616497,Caution
18,ADANIENT,2024,187927.97,191237.75,58.87,10.41,33.01,0.83,-8455.0,-4.499064189327432,Industrials,49.83,18.141681717840658,Fair
19,ADANIGREEN,2019,485373.12,541878.15,29.07,10.49,5.01,0.27,-1041.0,-0.2144741760730384,Energy,41.495,-29.943366670683208,Discount
20,ADANIGREEN,2020,517543.72,664150.23,72.14,14.91,19.59,0.21,-1778.0,-0.3435458554110173,Energy,41.495,73.85227135799495,Caution
21,ADANIGREEN,2021,519085.0,607489.51,17.73,4.85,6.97,2.14,-7536.0,-1.4517853530731961,Energy,41.495,-57.27196047716592,Discount
22,ADANIGREEN,2022,495446.05,463984.83,37.61,5.59,23.81,3.37,-15603.0,-3.149283357895375,Energy,41.495,-9.362573804072776,Fair
23,ADANIGREEN,2023,449015.01,546204.41,9.89,6.92,25.56,4.31,3408.0,0.7589946714698914,Energy,41.495,-76.16580310880828,Discount
24,ADANIGREEN,2024,510512.78,491878.9,45.26,6.24,21.78,0.89,-13347.0,-2.61443014217979,Energy,41.495,9.073382335221112,Fair
25,ADANIPORTS,2019,697221.18,835004.1,50.76,1.64,36.14,2.77,1661.0,0.23823143181049086,Industrials,49.83,1.866345574954846,Fair
26,ADANIPORTS,2020,702836.27,645384.3,53.52,5.91,36.77,0.16,6653.0,0.9465931517734564,Industrials,49.83,7.405177603853111,Fair
27,ADANIPORTS,2021,611152.14,782103.44,77.47,0.9,30.06,1.0,-6508.0,-1.064873960843858,Industrials,49.83,55.46859321693759,Caution
28,ADANIPORTS,2022,733808.16,915420.63,15.26,3.96,5.84,0.2,4927.0,0.6714288922597972,Industrials,49.83,-69.37587798514951,Discount
29,ADANIPORTS,2023,634603.85,774389.91,29.48,7.65,32.57,2.23,-4816.0,-0.7588986420425908,Industrials,49.83,-40.83885209713024,Discount
30,ADANIPORTS,2024,675598.01,611165.74,48.9,2.31,31.76,1.16,8250.0,1.2211403642233938,Industrials,49.83,-1.866345574954846,Fair
31,ADANIPOWER,2019,1188256.85,1362538.77,27.22,4.37,35.21,0.06,4626.0,0.38930976917995463,Energy,41.495,-34.4017351488131,Discount
32,ADANIPOWER,2020,1117866.08,1278915.22,66.83,5.7,27.87,2.51,3294.0,0.2946685706752995,Energy,41.495,61.055548861308594,Caution
33,ADANIPOWER,2021,986259.76,1132916.67,66.6,14.89,6.04,2.97,4826.0,0.48932342124553474,Energy,41.495,60.50126521267622,Caution
34,ADANIPOWER,2022,1042747.57,942555.33,52.23,2.28,18.25,1.18,11007.0,1.05557666272001,Energy,41.495,25.870586817688878,Caution
35,ADANIPOWER,2023,1074636.56,1178960.38,33.86,8.51,13.35,2.86,9976.0,0.9283138477998552,Energy,41.495,-18.39980720568743,Fair
36,ADANIPOWER,2024,1372183.55,1357949.64,44.57,9.91,24.76,1.65,17651.0,1.2863439442922924,Energy,41.495,7.4105313893240226,Fair
37,AMBUJACEM,2019,833955.32,873953.9,46.35,0.8,22.77,2.94,3548.0,0.42544245655750484,Materials,39.885,16.209101165851834,Fair
38,AMBUJACEM,2020,1025434.68,969394.29,79.32,9.29,17.71,1.12,3515.0,0.3427814631742316,Materials,39.885,98.87175629936065,Caution
39,AMBUJACEM,2021,1165353.63,1459820.61,45.48,10.09,17.52,1.75,3302.0,0.2833474676695348,Materials,39.885,14.027830011282436,Fair
40,AMBUJACEM,2022,1157298.18,1368221.47,33.86,3.27,17.93,3.84,,,Materials,39.885,-15.105929547448913,Fair
41,AMBUJACEM,2023,1410892.33,1458659.98,73.29,1.59,6.74,0.57,-13746.0,-0.974277037851641,Materials,39.885,83.75329071079356,Caution
42,AMBUJACEM,2024,1281411.04,1198290.68,55.62,9.21,27.67,3.1,-3295.0,-0.25713841204302407,Materials,39.885,39.450921399022185,Caution
43,APOLLOHOSP,2019,1083786.88,1245185.95,49.76,14.18,13.13,0.26,194.0,0.017900198238236655,Healthcare,37.955,31.102621525490715,Caution
44,APOLLOHOSP,2020,1275343.54,1525399.05,28.39,8.78,7.08,4.32,1004.0,0.07872388642827954,Healthcare,37.955,-25.200895797655114,Discount
45,APOLLOHOSP,2021,1154138.06,1069918.55,11.18,6.7,8.4,3.35,385.0,0.033358227524357006,Healthcare,37.955,-70.54406534053484,Discount
46,APOLLOHOSP,2022,1499729.8,1505860.05,53.27,1.11,18.53,1.32,949.0,0.06327806515547,Healthcare,37.955,40.35041496509025,Caution
47,APOLLOHOSP,2023,1446203.76,1674544.0,17.38,12.98,28.27,3.2,520.0,0.035956205783893136,Healthcare,37.955,-54.20893162956132,Discount
48,APOLLOHOSP,2024,1905622.43,2433382.94,47.72,7.68,16.74,3.22,383.0,0.0200984200212211,Healthcare,37.955,25.7278355947833,Caution
49,ASIANPAINT,2019,1065817.17,1060968.11,30.34,5.08,33.21,0.45,1552.0,0.14561596901277168,Materials,39.885,-23.93130249467218,Discount
50,ASIANPAINT,2020,1148763.92,1230363.26,13.27,6.46,22.97,0.29,2520.0,0.21936622104217895,Materials,39.885,-66.72934687225775,Discount
51,ASIANPAINT,2021,1269304.94,1629400.62,78.48,8.21,23.03,1.28,3142.0,0.24753704968642132,Materials,39.885,96.76570139150058,Caution
52,ASIANPAINT,2022,1711731.0,1728320.53,40.61,0.54,17.22,0.32,669.0,0.03908324380407903,Materials,39.885,1.8177259621411594,Fair
53,ASIANPAINT,2023,2091585.31,2351790.62,49.2,4.65,33.52,0.01,2911.0,0.1391767281058213,Materials,39.885,23.354644603234313,Caution
54,ASIANPAINT,2024,2126725.18,2475080.63,73.37,3.9,23.94,2.42,3556.0,0.16720543083991699,Materials,39.885,83.95386736868498,Caution
55,ATGL,2019,1148243.4,1228379.56,21.14,0.81,10.15,4.39,,,Energy,41.495,-49.05410290396433,Discount
56,ATGL,2020,1099356.08,1400593.18,22.78,14.0,27.91,0.51,,,Energy,41.495,-45.10181949632485,Discount
57,ATGL,2021,1254318.65,1288694.02,35.59,6.88,19.79,2.99,,,Energy,41.495,-14.23063019640919,Fair
58,ATGL,2022,1548060.05,1597088.78,74.55,14.11,6.42,0.07,,,Energy,41.495,79.6602000240993,Caution
59,ATGL,2023,1644865.15,1868991.35,28.01,4.26,28.74,2.71,,,Energy,41.495,-32.497891312206285,Discount
60,ATGL,2024,1535602.41,1925338.89,56.96,5.76,28.93,0.51,,,Energy,41.495,37.26955054825884,Caution
61,AXISBANK,2019,658857.1,603890.3,32.36,2.69,27.17,3.03,18451.0,2.80045551607473,Financials,43.585,-25.754273259148793,Discount
62,AXISBANK,2020,609012.03,554106.67,65.08,0.53,17.04,2.23,20931.0,3.4368779217711016,Financials,43.585,49.317425719857745,Caution
63,AXISBANK,2021,766941.69,947497.75,60.2,4.08,30.21,1.11,-41655.0,-5.431312516079287,Financials,43.585,38.12091315819663,Caution
64,AXISBANK,2022,734196.42,821456.53,56.88,1.27,7.1,3.53,1025.0,0.13960841705003135,Financials,43.585,30.50361362854193,Caution
65,AXISBANK,2023,939586.86,1072798.07,38.88,12.76,30.51,2.61,-10276.0,-1.0936721699151901,Financials,43.585,-10.7949982792245,Fair
66,AXISBANK,2024,948868.63,929130.29,38.14,4.66,16.87,2.32,-14556.0,-1.5340374357196316,Financials,43.585,-12.492830102099346,Fair
67,BAJAJ-AUTO,2019,323040.49,309541.21,42.63,11.32,21.98,1.62,2214.0,0.6853630020187254,Consumer Discretionary,44.144999999999996,-3.4318722392116743,Fair
67,BAJAJ-AUTO,2019,323040.49,309541.21,42.63,11.32,21.98,1.62,2214.0,0.6853630020187254,Consumer Discretionary,44.144999999999996,-3.4318722392116743,Fair
68,BAJAJ-AUTO,2020,351288.98,435411.55,79.31,9.65,32.77,0.07,5616.0,1.5986837958879327,Consumer Discretionary,44.144999999999996,79.6579454071809,Caution
68,BAJAJ-AUTO,2020,351288.98,435411.55,79.31,9.65,32.77,0.07,5616.0,1.5986837958879327,Consumer Discretionary,44.144999999999996,79.6579454071809,Caution
69,BAJAJ-AUTO,2021,453226.79,580864.47,49.41,11.43,22.95,1.29,251.0,0.05538066273619881,Consumer Discretionary,44.144999999999996,11.926605504587158,Fair
69,BAJAJ-AUTO,2021,453226.79,580864.47,49.41,11.43,22.95,1.29,251.0,0.05538066273619881,Consumer Discretionary,44.144999999999996,11.926605504587158,Fair
70,BAJAJ-AUTO,2022,578373.58,658614.05,49.72,10.06,34.96,3.29,4473.0,0.7733755750046536,Consumer Discretionary,44.144999999999996,12.628836787858203,Fair
70,BAJAJ-AUTO,2022,578373.58,658614.05,49.72,10.06,34.96,3.29,4473.0,0.7733755750046536,Consumer Discretionary,44.144999999999996,12.628836787858203,Fair
71,BAJAJ-AUTO,2023,552671.87,600604.78,78.58,8.54,37.84,3.66,6488.0,1.173933458925637,Consumer Discretionary,44.144999999999996,78.00430399818781,Caution
71,BAJAJ-AUTO,2023,552671.87,600604.78,78.58,8.54,37.84,3.66,6488.0,1.173933458925637,Consumer Discretionary,44.144999999999996,78.00430399818781,Caution
72,BAJAJ-AUTO,2024,653817.3,679803.97,29.91,9.83,20.14,3.59,6486.0,0.992020247858232,Consumer Discretionary,44.144999999999996,-32.24600747536527,Discount
72,BAJAJ-AUTO,2024,653817.3,679803.97,29.91,9.83,20.14,3.59,6486.0,0.992020247858232,Consumer Discretionary,44.144999999999996,-32.24600747536527,Discount
73,BAJAJFINSV,2019,1148808.62,1356848.11,43.61,5.19,19.45,4.03,-33979.0,-2.9577598399287774,Financials,43.585,0.0573591832052279,Fair
74,BAJAJFINSV,2020,1182995.84,1200693.12,33.33,3.61,24.06,0.66,-33317.0,-2.816324358334176,Financials,43.585,-23.528736950785824,Discount
75,BAJAJFINSV,2021,1489062.77,1474517.75,51.06,2.31,39.25,2.05,863.0,0.05795591813768872,Financials,43.585,17.150395778364118,Fair
76,BAJAJFINSV,2022,1877835.72,2267409.89,59.39,12.5,8.52,3.05,-32225.0,-1.7160713078777732,Financials,43.585,36.26247562234713,Caution
77,BAJAJFINSV,2023,1845750.3,2241384.41,76.89,13.57,9.02,1.66,-53425.0,-2.8944868653143385,Financials,43.585,76.41390386600895,Caution
78,BAJAJFINSV,2024,1905112.17,1807796.2,15.07,6.08,39.72,2.56,-79634.0,-4.180016339930263,Financials,43.585,-65.42388436388666,Discount
79,BAJAJHLDNG,2019,1014477.55,1181797.59,76.88,9.04,7.28,2.22,465.0,0.045836401209666984,Financials,43.585,76.39096019272684,Caution
80,BAJAJHLDNG,2020,1365867.86,1440937.45,50.76,2.05,9.94,3.94,1120.0,0.08199914741386476,Financials,43.585,16.462085579901338,Fair
81,BAJAJHLDNG,2021,1366103.22,1396404.09,35.88,14.51,7.95,3.68,-36.0,-0.002635232790096198,Financials,43.585,-17.67810026385224,Fair
82,BAJAJHLDNG,2022,1394489.39,1728870.12,79.41,5.56,9.53,0.65,1459.0,0.10462610977628162,Financials,43.585,82.19570953309623,Caution
83,BAJAJHLDNG,2023,1714344.05,1642287.8,26.75,3.46,17.45,0.33,1591.0,0.0928051752505572,Financials,43.585,-38.625673970402666,Discount
84,BAJAJHLDNG,2024,2191568.13,2726439.01,37.73,9.38,27.47,3.37,1469.0,0.06702962960133939,Financials,43.585,-13.433520706665144,Fair
85,BAJFINANCE,2019,865823.64,997880.37,58.62,5.53,16.56,1.21,-34441.0,-3.9778308663413253,Financials,43.585,34.495812779626014,Caution
86,BAJFINANCE,2020,973552.26,1016449.19,46.9,6.39,34.29,0.33,-33170.0,-3.4071103691957942,Financials,43.585,7.605827693013646,Fair
87,BAJFINANCE,2021,1106057.88,1250121.36,35.63,6.6,33.0,1.26,-1236.0,-0.11174822062657336,Financials,43.585,-18.251692095904552,Fair
88,BAJFINANCE,2022,1422060.71,1789716.47,54.84,11.71,26.45,2.36,-30743.0,-2.161862695721338,Financials,43.585,25.823104278995075,Caution
89,BAJFINANCE,2023,1896088.83,1920855.51,19.1,4.67,26.51,0.83,-52506.0,-2.769174058158446,Financials,43.585,-56.177584031203395,Discount
90,BAJFINANCE,2024,2473271.58,2632574.41,69.2,4.11,15.96,0.27,-79931.0,-3.2317922805711454,Financials,43.585,58.77021911207984,Caution
91,BANKBARODA,2019,427508.41,546550.16,36.0,9.78,19.97,0.21,-3986.0,-0.9323793185729377,Financials,43.585,-17.402776184467132,Fair
92,BANKBARODA,2020,471014.36,436331.44,71.63,11.42,18.25,2.88,18392.0,3.904764177465842,Financials,43.585,64.3455317196283,Caution
93,BANKBARODA,2021,426745.64,503995.99,67.24,12.42,14.95,1.19,-1358.0,-0.31822234903208385,Financials,43.585,54.27325914878971,Caution
94,BANKBARODA,2022,473985.89,610071.44,74.28,5.71,32.29,4.15,2565.0,0.5411553495822418,Financials,43.585,70.42560513938282,Caution
95,BANKBARODA,2023,464725.74,572597.07,27.29,5.48,11.96,2.28,-22450.0,-4.830806229928215,Financials,43.585,-37.38671561316968,Discount
96,BANKBARODA,2024,590971.02,656699.32,16.89,4.15,24.7,2.62,-7559.0,-1.279081332956056,Financials,43.585,-61.24813582654583,Discount
97,BEL,2019,770752.45,926042.39,73.48,7.9,30.16,4.11,618.0,0.08018138638417563,Industrials,49.83,47.46136865342165,Caution
98,BEL,2020,902791.12,1056022.12,59.94,4.28,25.39,3.79,1921.0,0.21278454754849607,Industrials,49.83,20.28898254063817,Caution
99,BEL,2021,901058.99,1134314.51,52.67,6.64,26.81,1.81,2498.0,0.2772293520982461,Industrials,49.83,5.699377884808356,Fair
100,BEL,2022,1143459.9,1249718.69,72.89,7.89,28.11,4.49,-665.0,-0.05815682736228879,Industrials,49.83,46.277342966084696,Caution
101,BEL,2023,1055965.69,1261553.4,18.0,12.66,25.88,4.22,3907.0,0.3699930818774993,Industrials,49.83,-63.87718242022877,Discount
102,BEL,2024,1354781.06,1259877.04,17.89,9.22,23.14,0.76,-1265.0,-0.09337302073000636,Industrials,49.83,-64.09793297210516,Discount
103,BHARTIARTL,2019,224578.88,206515.69,70.91,12.2,32.49,0.07,-8216.0,-3.6584027848032727,Communication Services,48.23,47.02467343976778,Caution
104,BHARTIARTL,2020,196241.62,219777.99,79.6,5.46,17.05,0.6,-11469.0,-5.8443259895632735,Communication Services,48.23,65.04250466514617,Caution
105,BHARTIARTL,2021,232971.76,269937.54,15.3,7.28,28.35,2.22,20919.0,8.979199882423519,Communication Services,48.23,-68.27700601285505,Discount
106,BHARTIARTL,2022,276579.83,339227.42,57.38,9.43,34.88,4.05,13539.0,4.895150886454735,Communication Services,48.23,18.97159444329257,Fair
107,BHARTIARTL,2023,288871.93,280003.55,66.89,3.6,37.51,0.1,26093.0,9.032722563248011,Communication Services,48.23,38.68961227451794,Caution
108,BHARTIARTL,2024,378605.83,429972.49,63.78,6.28,39.71,1.02,27809.0,7.345106122639473,Communication Services,48.23,32.241343562098294,Caution
109,BHEL,2019,350456.18,447248.44,40.83,10.29,29.06,3.94,-1941.0,-0.55384955688326,Industrials,49.83,-18.06140878988561,Fair
110,BHEL,2020,414401.34,466122.13,59.14,11.39,11.51,0.49,-1015.0,-0.2449316404237496,Industrials,49.83,18.68352398153723,Fair
111,BHEL,2021,367749.87,385998.13,43.86,9.43,38.53,1.49,518.0,0.14085660995610957,Industrials,49.83,-11.980734497290786,Fair
112,BHEL,2022,452493.05,503418.0,23.85,9.42,38.85,0.56,-458.0,-0.10121702421727803,Industrials,49.83,-52.13726670680313,Discount
113,BHEL,2023,499389.38,459759.51,31.13,9.5,34.44,3.29,739.0,0.1479807199744616,Industrials,49.83,-37.52759381898454,Discount
114,BHEL,2024,540053.85,682460.17,29.8,11.43,21.59,4.04,-2382.0,-0.4410671269170658,Industrials,49.83,-40.19666867348986,Discount
115,BOSCHLTD,2019,1557190.4,1534921.24,56.11,11.21,30.98,2.27,2359.0,0.15149078751063455,Consumer Discretionary,44.144999999999996,27.103862272058,Caution
116,BOSCHLTD,2020,1332371.44,1338463.46,31.28,12.85,34.43,0.47,463.0,0.034750069395062984,Consumer Discretionary,44.144999999999996,-29.14259825574809,Discount
117,BOSCHLTD,2021,1765282.83,1717590.17,37.83,3.62,35.11,3.37,372.0,0.021073110420498455,Consumer Discretionary,44.144999999999996,-14.305130818892284,Fair
118,BOSCHLTD,2022,1812529.57,2125646.68,21.27,6.04,18.2,1.07,238.0,0.013130820260217878,Consumer Discretionary,44.144999999999996,-51.81787291879034,Discount
119,BOSCHLTD,2023,2334820.89,2735332.08,28.16,4.01,5.63,1.56,1476.0,0.06321684058600315,Consumer Discretionary,44.144999999999996,-36.21021633254048,Discount
120,BOSCHLTD,2024,2599556.05,2628370.51,58.43,6.47,16.07,4.23,1536.0,0.05908701218425355,Consumer Discretionary,44.144999999999996,32.35927058557029,Caution
121,BPCL,2019,417435.04,439524.17,25.37,3.65,15.58,3.89,-294.0,-0.07043012009724914,Energy,41.495,-38.860103626943,Discount
122,BPCL,2020,514923.42,603696.12,40.91,7.86,14.35,0.33,-3254.0,-0.6319386288547528,Energy,41.495,-1.409808410651888,Fair
123,BPCL,2021,522915.18,574282.97,12.13,1.78,14.21,1.65,20981.0,4.012314195965778,Energy,41.495,-70.76756235691046,Discount
124,BPCL,2022,547313.57,518390.47,24.26,4.29,7.37,1.47,12198.0,2.2287041046689198,Energy,41.495,-41.535124713820935,Discount
125,BPCL,2023,484980.46,572947.73,35.8,5.24,9.43,1.02,4660.0,0.9608634541688544,Energy,41.495,-13.724545125918786,Fair
126,BPCL,2024,468662.13,606487.07,68.15,0.72,26.59,1.15,25415.0,5.422883218663305,Energy,41.495,64.23665501867697,Caution
127,BRITANNIA,2019,193703.11,184529.76,39.95,9.67,24.41,4.4,304.0,0.15694120760373956,Consumer Staples,37.735,5.869882072346637,Fair
128,BRITANNIA,2020,240748.04,291227.45,33.6,0.62,30.7,4.5,-41.0,-0.017030252873502107,Consumer Staples,37.735,-10.957996554922481,Fair
129,BRITANNIA,2021,253493.14,328072.69,18.2,4.8,10.98,2.14,2309.0,0.9108727754920705,Consumer Staples,37.735,-51.76891480058301,Discount
130,BRITANNIA,2022,316483.82,327961.01,73.25,8.4,21.29,3.54,2214.0,0.6995618291007737,Consumer Staples,37.735,94.11686762952168,Caution
131,BRITANNIA,2023,285063.86,344785.02,25.49,4.57,25.98,4.06,1019.0,0.3574637626811059,Consumer Staples,37.735,-32.44998012455281,Discount
132,BRITANNIA,2024,324745.74,376568.58,63.91,4.26,33.95,1.88,3050.0,0.9391963078561093,Consumer Staples,37.735,69.36531071949118,Caution
133,CANBK,2019,274311.19,273886.68,24.47,4.6,11.33,3.0,17492.0,6.376699397498148,Financials,43.585,-43.85683147871975,Discount
134,CANBK,2020,312713.63,362552.91,32.75,11.66,9.54,2.57,-5734.0,-1.8336265035841257,Financials,43.585,-24.859470001147184,Discount
135,CANBK,2021,308875.53,343174.3,31.3,11.96,36.19,3.34,58002.0,18.778438032951332,Financials,43.585,-28.18630262705059,Discount
136,CANBK,2022,289660.96,292542.15,74.19,6.84,37.94,1.77,-510.0,-0.1760679105668917,Financials,43.585,70.21911207984397,Caution
137,CANBK,2023,384057.8,487866.93,55.56,0.63,19.01,4.1,-41134.0,-10.710367033295508,Financials,43.585,27.475048755305725,Caution
138,CANBK,2024,496415.88,483983.21,36.74,12.61,25.23,3.81,13296.0,2.6783994097851984,Financials,43.585,-15.704944361592288,Fair
139,CHOLAFIN,2019,1617575.24,1531662.97,18.46,1.7,37.73,2.14,-9328.0,-0.5766656022751684,Financials,43.585,-57.645979121257305,Discount
140,CHOLAFIN,2020,1426964.45,1467792.7,33.3,12.24,30.74,3.1,-2129.0,-0.14919783040145115,Financials,43.585,-23.597567970632106,Discount
141,CHOLAFIN,2021,1228519.04,1553189.98,23.52,9.62,7.16,0.37,-10594.0,-0.862339097324857,Financials,43.585,-46.03648044051853,Discount
142,CHOLAFIN,2022,1050124.13,1182829.42,53.32,1.23,15.17,3.83,-3931.0,-0.37433669865294883,Financials,43.585,22.33566594011701,Caution
143,CHOLAFIN,2023,945798.69,933142.83,38.56,12.71,13.92,4.49,-29253.0,-3.092941479967582,Financials,43.585,-11.52919582425146,Fair
144,CHOLAFIN,2024,971931.96,1024979.49,16.79,10.36,13.52,2.83,-38538.0,-3.9650923712808046,Financials,43.585,-61.477572559366756,Discount
145,CIPLA,2019,353498.49,439281.56,61.2,2.74,26.27,2.83,3.0,0.0008486599193111121,Healthcare,37.955,61.24357792122252,Caution
146,CIPLA,2020,316481.63,343801.04,26.77,7.27,32.2,0.71,3182.0,1.0054296042395887,Healthcare,37.955,-29.469108154393357,Discount
147,CIPLA,2021,288521.14,290750.43,76.56,11.34,5.68,1.8,1381.0,0.47864776910281165,Healthcare,37.955,101.7125543406666,Caution
148,CIPLA,2022,282375.35,326216.33,41.07,14.49,12.66,2.65,1468.0,0.5198754069716072,Healthcare,37.955,8.207087340271379,Fair
149,CIPLA,2023,338880.07,416899.01,37.3,10.46,15.61,1.96,862.0,0.2543672751247956,Healthcare,37.955,-1.7257278355947863,Fair
150,CIPLA,2024,439803.15,562931.78,59.75,5.93,33.7,0.12,1152.0,0.26193536813003726,Healthcare,37.955,57.423264392043215,Caution
151,COALINDIA,2019,187263.0,190352.73,76.5,6.82,20.03,3.05,8460.0,4.517710385927813,Materials,39.885,91.80142910868749,Caution
152,COALINDIA,2020,231042.15,251887.58,23.41,11.71,16.21,0.79,6010.0,2.6012569567933816,Materials,39.885,-41.30625548451798,Discount
153,COALINDIA,2021,269353.58,252163.83,77.94,9.67,39.51,1.53,10774.0,3.999946835679704,Materials,39.885,95.41180895073337,Caution
154,COALINDIA,2022,359749.33,344720.77,10.93,0.98,21.27,0.37,15392.0,4.2785347230528545,Materials,39.885,-72.5962141155823,Discount
155,COALINDIA,2023,397912.96,410248.34,32.17,9.72,10.71,3.45,12269.0,3.083337622378522,Materials,39.885,-19.343111445405533,Fair
156,COALINDIA,2024,454024.84,574785.39,34.27,14.75,25.15,4.38,13617.0,2.9991751112119767,Materials,39.885,-14.077974175755283,Fair
157,DABUR,2019,55182.65,67689.73,11.83,8.9,33.07,2.52,1837.0,3.3289448766958456,Consumer Staples,37.735,-68.64979462037897,Discount
158,DABUR,2020,48665.96,57298.27,12.36,12.35,6.51,0.62,1097.0,2.254142320422735,Consumer Staples,37.735,-67.24526301841792,Discount
159,DABUR,2021,48060.25,55430.1,78.3,2.21,9.99,1.66,711.0,1.4793930535109576,Consumer Staples,37.735,107.4996687425467,Caution
160,DABUR,2022,60945.67,66241.38,31.16,8.64,14.12,1.81,529.0,0.8679861916359275,Consumer Staples,37.735,-17.42414204319597,Fair
161,DABUR,2023,61939.24,75668.46,74.55,11.51,20.37,2.27,905.0,1.4611093064751846,Consumer Staples,37.735,97.56194514376573,Caution
162,DABUR,2024,56521.84,67755.32,50.95,13.59,12.02,3.42,1042.0,1.8435351715372323,Consumer Staples,37.735,35.02053796210416,Caution
163,DIVISLAB,2019,1011018.76,1179809.82,74.55,13.82,30.19,0.22,269.0,0.02660682577245154,Healthcare,37.955,96.41680937952839,Caution
164,DIVISLAB,2020,1300303.75,1512398.18,30.35,3.22,9.07,0.23,1133.0,0.08713348707946124,Healthcare,37.955,-20.036885785798965,Discount
165,DIVISLAB,2021,1595539.83,1586504.61,9.75,6.26,21.89,0.76,2022.0,0.1267282685133595,Healthcare,37.955,-74.31168489000132,Discount
166,DIVISLAB,2022,1391349.3,1357470.21,56.9,1.69,24.43,0.66,-283.0,-0.020339967828351947,Healthcare,37.955,49.914372282966674,Caution
167,DIVISLAB,2023,1318782.9,1394258.36,15.26,3.01,17.21,1.48,-248.0,-0.018805218053706944,Healthcare,37.955,-59.794493479120014,Discount
168,DIVISLAB,2024,1615028.67,1501836.03,69.95,12.34,31.81,1.39,992.0,0.061423058204904804,Healthcare,37.955,84.2971940455803,Caution
169,DLF,2019,1162826.35,1104410.24,11.24,14.12,15.78,4.13,2046.0,0.1759506051784946,Real Estate,49.505,-77.29522270477729,Discount
170,DLF,2020,1146903.51,1448569.4,73.08,13.89,22.37,3.9,6864.0,0.5984810352529133,Real Estate,49.505,47.621452378547616,Caution
171,DLF,2021,1520086.36,1565456.04,38.16,10.93,15.51,3.39,1610.0,0.10591503498524912,Real Estate,49.505,-22.916877083122927,Discount
172,DLF,2022,1348234.63,1495730.62,16.81,4.75,14.05,3.78,3099.0,0.22985613416560885,Real Estate,49.505,-66.04383395616605,Discount
173,DLF,2023,1276452.77,1561585.72,65.17,7.73,13.18,1.02,1914.0,0.14994679356604787,Real Estate,49.505,31.643268356731642,Caution
174,DLF,2024,1381712.03,1248409.43,46.26,14.32,10.41,2.58,1010.0,0.07309772065891328,Real Estate,49.505,-6.554893445106563,Fair
175,DMART,2019,1847236.39,2290853.98,67.17,4.98,36.17,4.24,-151.0,-0.008174373394625472,Consumer Discretionary,44.144999999999996,52.15766224940539,Caution
176,DMART,2020,2028073.83,2112904.95,37.82,5.35,12.43,2.78,-3377.0,-0.16651267572443357,Consumer Discretionary,44.144999999999996,-14.327783440933281,Fair
177,DMART,2021,2294356.77,2489455.16,14.9,12.05,11.12,0.52,265.0,0.01155007815109766,Consumer Discretionary,44.144999999999996,-66.24759315890815,Discount
178,DMART,2022,2664977.29,2823430.83,12.31,5.66,32.01,2.77,83.0,0.0031144730692995886,Consumer Discretionary,44.144999999999996,-72.11462226752747,Discount
179,DMART,2023,2748638.95,2684655.9,53.49,13.37,27.62,3.66,317.0,0.011532980713963905,Consumer Discretionary,44.144999999999996,21.16887529731568,Caution
180,DMART,2024,3053088.97,3624591.94,72.53,11.71,36.84,1.94,278.0,0.00910553222430331,Consumer Discretionary,44.144999999999996,64.29946766338205,Caution
181,DRREDDY,2019,1574961.99,1965583.28,10.84,10.04,34.68,0.78,2101.0,0.13340004478457287,Healthcare,37.955,-71.43986299565275,Discount
182,DRREDDY,2020,1859862.32,2287596.96,28.73,6.38,24.93,2.34,2489.0,0.13382711038524614,Healthcare,37.955,-24.30509814253721,Discount
183,DRREDDY,2021,1617326.41,1519427.76,15.23,4.3,13.61,3.34,1315.0,0.08130702571041304,Healthcare,37.955,-59.873534448689234,Discount
184,DRREDDY,2022,1837884.76,2215736.28,13.03,7.54,16.33,3.82,246.0,0.01338495238406569,Healthcare,37.955,-65.6698722170992,Discount
185,DRREDDY,2023,2212619.5,2760692.84,11.34,10.95,23.9,3.71,1779.0,0.0804024370209157,Healthcare,37.955,-70.12251350283229,Discount
186,DRREDDY,2024,2441803.28,2725256.67,11.73,10.19,14.56,0.09,509.0,0.020845250072724943,Healthcare,37.955,-69.09498089843235,Discount
187,EICHERMOT,2019,138608.74,143935.61,70.5,14.42,38.01,3.97,915.0,0.6601315328311909,Consumer Discretionary,44.144999999999996,59.7009853890588,Caution
188,EICHERMOT,2020,179834.03,182640.02,18.91,9.77,22.08,0.44,186.0,0.10342870034108674,Consumer Discretionary,44.144999999999996,-57.163891720466644,Discount
189,EICHERMOT,2021,213781.42,240534.88,70.14,9.33,25.09,1.98,66.0,0.030872654882730218,Consumer Discretionary,44.144999999999996,58.88549099558276,Caution
190,EICHERMOT,2022,231181.84,296317.9,17.97,6.97,27.95,1.95,544.0,0.23531260067832316,Consumer Discretionary,44.144999999999996,-59.293238192320764,Discount
191,EICHERMOT,2023,229241.72,232667.27,24.82,5.49,35.51,2.27,426.0,0.1858300487363295,Consumer Discretionary,44.144999999999996,-43.7761920942349,Discount
192,EICHERMOT,2024,222391.83,234358.89,15.62,13.61,19.29,4.41,890.0,0.4001945575069012,Consumer Discretionary,44.144999999999996,-64.61660437195606,Discount
193,GAIL,2019,665248.74,666947.87,13.48,0.96,26.22,1.4,2283.0,0.34317990591008113,Energy,41.495,-67.51415833232919,Discount
194,GAIL,2020,712986.95,875162.11,25.86,4.98,34.59,2.22,46.0,0.006451730988905197,Energy,41.495,-37.67923846246536,Discount
195,GAIL,2021,901096.13,945962.07,36.68,2.92,37.07,4.04,4353.0,0.48307831485193486,Energy,41.495,-11.603807687673209,Fair
196,GAIL,2022,1209368.79,1283114.71,66.94,6.52,20.9,3.73,3930.0,0.3249629089568286,Energy,41.495,61.320641041089296,Caution
197,GAIL,2023,1135214.39,1121733.01,30.66,11.93,18.04,1.61,-4248.0,-0.37420244470297814,Energy,41.495,-26.111579708398597,Discount
198,GAIL,2024,1531867.57,1613856.89,25.84,9.54,33.07,0.31,4360.0,0.28461990353382827,Energy,41.495,-37.7274370406073,Discount
199,GODREJCP,2019,807328.65,896565.06,26.5,4.95,21.35,4.17,2003.0,0.24810218242595503,Consumer Staples,37.735,-29.773419901947797,Discount
200,GODREJCP,2020,973100.39,1240448.27,55.52,0.6,14.3,4.08,1036.0,0.1064638356583127,Consumer Staples,37.735,47.13131045448524,Caution
201,GODREJCP,2021,1140203.87,1473894.68,19.23,4.8,17.68,1.47,1738.0,0.1524288809859942,Consumer Staples,37.735,-49.03935338545117,Discount
202,GODREJCP,2022,1112834.15,1198952.25,54.25,5.01,7.79,3.19,607.0,0.05454541451661957,Consumer Staples,37.735,43.76573472903141,Caution
203,GODREJCP,2023,1201313.68,1348586.23,40.79,13.41,24.56,4.15,397.0,0.033047155510624,Consumer Staples,37.735,8.095932158473564,Fair
204,GODREJCP,2024,1327797.2,1350416.57,33.59,8.07,23.55,3.09,-1365.0,-0.10280184353453976,Consumer Staples,37.735,-10.984497151185892,Fair
205,GRASIM,2019,401734.34,486675.12,56.71,7.49,39.71,1.82,-3871.0,-0.9635720959278711,Industrials,49.83,13.806943608268119,Fair
206,GRASIM,2020,362884.74,445840.81,23.28,10.84,11.26,0.08,5256.0,1.4483937792479231,Industrials,49.83,-53.28115593016255,Discount
207,GRASIM,2021,337446.27,354587.01,15.68,3.37,31.76,3.46,7929.0,2.349707406752488,Industrials,49.83,-68.53301224162152,Discount
208,GRASIM,2022,424758.5,525197.79,38.27,13.08,23.41,2.12,5985.0,1.4090359580797087,Industrials,49.83,-23.19887617900862,Discount
209,GRASIM,2023,513646.94,506213.11,64.84,6.73,9.46,0.54,-26397.0,-5.1391331173899335,Industrials,49.83,30.12241621513146,Caution
210,GRASIM,2024,478951.82,601673.21,79.35,5.68,15.23,0.98,-33833.0,-7.063967310949983,Industrials,49.83,59.2414208308248,Caution
211,HAL,2019,1180468.36,1498765.19,56.05,13.51,24.39,3.11,-2402.0,-0.2034785582902027,Industrials,49.83,12.482440297009832,Fair
212,HAL,2020,1369023.45,1687291.54,68.18,9.05,27.14,4.15,203.0,0.014828087860730216,Industrials,49.83,36.825205699377904,Caution
213,HAL,2021,1800174.45,2098463.2,8.56,2.01,35.03,0.38,13934.0,0.77403609411299,Industrials,49.83,-82.8215934176199,Discount
214,HAL,2022,1722334.17,1708932.12,51.22,8.86,15.13,0.93,-2609.0,-0.15148047605651346,Industrials,49.83,2.78948424643789,Fair
215,HAL,2023,2122373.86,2704291.55,11.8,2.43,27.48,3.62,3102.0,0.14615709599815746,Industrials,49.83,-76.31948625326109,Discount
216,HAL,2024,2643616.86,3140281.78,71.89,3.65,8.76,2.77,1814.0,0.06861811283803056,Industrials,49.83,44.27051976720852,Caution
217,HAVELLS,2019,1408366.0,1810030.57,65.28,10.66,7.11,0.48,686.0,0.04870892935501141,Industrials,49.83,31.00541842263697,Caution
218,HAVELLS,2020,1749780.42,1713551.51,10.08,13.71,36.18,0.98,279.0,0.015944857812501982,Industrials,49.83,-79.77122215532812,Discount
219,HAVELLS,2021,2169908.17,1994561.94,28.52,9.54,31.71,0.05,-103.0,-0.004746744651410755,Industrials,49.83,-42.765402368051376,Discount
220,HAVELLS,2022,2198343.31,2166991.03,79.91,10.23,19.2,0.34,969.0,0.044078647570292374,Industrials,49.83,60.36524182219546,Caution
221,HAVELLS,2023,2526633.19,2922507.57,66.78,4.68,39.35,1.98,596.0,0.02358870303607466,Industrials,49.83,34.01565322095124,Caution
222,HAVELLS,2024,2521508.87,2620805.22,45.41,14.08,30.73,2.6,335.0,0.013285695877801929,Industrials,49.83,-8.870158539032715,Fair
223,HCLTECH,2019,229691.1,252862.05,60.47,11.39,12.91,0.45,5715.0,2.4881242677665787,Information Technology,49.555,22.026031681969528,Caution
224,HCLTECH,2020,239391.06,303372.88,47.27,5.14,16.33,0.59,1027.0,0.42900516000889927,Information Technology,49.555,-4.611038240339011,Fair
225,HCLTECH,2021,260125.17,316454.0,77.74,7.77,10.85,3.07,13953.0,5.363956129274226,Information Technology,49.555,56.87619816365653,Caution
226,HCLTECH,2022,319536.64,296747.25,69.21,12.53,21.54,2.52,18497.0,5.788694529678975,Information Technology,49.555,39.663000706285935,Caution
227,HCLTECH,2023,385586.15,451405.41,9.19,2.28,10.69,3.4,14436.0,3.7439104075703966,Information Technology,49.555,-81.45494904651397,Discount
228,HCLTECH,2024,412593.29,461362.25,63.63,5.44,31.21,1.99,15840.0,3.8391317512701186,Information Technology,49.555,28.402784784582792,Caution
229,HDFCBANK,2019,578281.57,743657.34,63.58,0.79,38.51,3.49,-64375.0,-11.132120292196067,Financials,43.585,45.875874727543874,Caution
230,HDFCBANK,2020,534671.83,497530.99,30.19,9.55,26.58,1.24,-18272.0,-3.4174233566784324,Financials,43.585,-30.733050361362853,Discount
231,HDFCBANK,2021,573615.98,564871.82,11.64,8.0,17.14,2.44,40653.0,7.087145654484731,Financials,43.585,-73.29356429964437,Discount
232,HDFCBANK,2022,759039.45,726665.0,8.14,1.61,21.19,3.18,-14011.0,-1.8458856124013057,Financials,43.585,-81.32384994837673,Discount
233,HDFCBANK,2023,865594.78,950386.57,33.49,4.99,18.17,2.75,17822.0,2.058931085513247,Financials,43.585,-23.16163817827234,Discount
234,HDFCBANK,2024,808359.03,976938.14,49.42,4.4,22.54,4.33,35669.0,4.412519521183551,Financials,43.585,13.387633360100953,Fair
235,HDFCLIFE,2019,33844.59,36530.23,53.97,3.58,37.6,2.89,-314.0,-0.9277701399248742,Financials,43.585,23.827004703453017,Caution
236,HDFCLIFE,2020,43616.06,44999.88,67.68,5.98,13.85,4.1,-401.0,-0.9193861160315718,Financials,43.585,55.2827807732018,Caution
237,HDFCLIFE,2021,39084.76,49917.31,41.01,14.89,23.89,3.41,751.0,1.921465041617244,Financials,43.585,-5.907995870138816,Fair
238,HDFCLIFE,2022,33360.23,36651.77,61.1,11.85,10.53,1.89,5142.0,15.413562796179761,Financials,43.585,40.18584375358495,Caution
239,HDFCLIFE,2023,35346.36,33277.06,39.9,12.2,15.51,1.95,-3188.0,-9.01931627471683,Financials,43.585,-8.454743604451078,Fair
240,HDFCLIFE,2024,47027.6,42921.31,50.59,11.28,31.63,3.22,-2893.0,-6.151706657367163,Financials,43.585,16.072043134105776,Fair
241,HEROMOTOCO,2019,959580.91,1068641.74,64.37,1.86,5.42,3.67,2330.0,0.24281433443689493,Consumer Discretionary,44.144999999999996,45.814928077925046,Caution
242,HEROMOTOCO,2020,1157395.82,1232490.63,75.71,11.62,38.88,4.18,2699.0,0.23319593464576363,Consumer Discretionary,44.144999999999996,71.50300147242044,Caution
243,HEROMOTOCO,2021,1262310.05,1517149.73,56.18,12.27,32.57,0.69,1821.0,0.14425932836389918,Consumer Discretionary,44.144999999999996,27.262430626345008,Caution
244,HEROMOTOCO,2022,1220486.89,1228166.97,66.93,12.26,22.34,2.61,1882.0,0.1542007550773446,Consumer Discretionary,44.144999999999996,51.613999320421364,Caution
245,HEROMOTOCO,2023,1542037.68,1580646.36,11.61,7.5,36.98,3.56,2193.0,0.14221442370980195,Consumer Discretionary,44.144999999999996,-73.70030581039755,Discount
246,HEROMOTOCO,2024,1593400.88,1475343.49,53.86,12.6,28.27,1.91,3095.0,0.19423862750722218,Consumer Discretionary,44.144999999999996,22.00702231283272,Caution
247,HINDALCO,2019,247258.14,249825.5,24.15,12.33,39.34,2.97,6521.0,2.6373247004122895,Materials,39.885,-39.450921399022185,Discount
248,HINDALCO,2020,287414.16,295396.33,9.47,3.28,25.46,0.68,5518.0,1.9198775731856774,Materials,39.885,-76.25673812210104,Discount
249,HINDALCO,2021,371315.5,362128.37,45.59,7.92,26.14,1.47,-8048.0,-2.167429046188484,Materials,39.885,14.30362291588318,Fair
250,HINDALCO,2022,477796.57,514931.21,58.41,9.72,9.1,2.8,10065.0,2.1065450511710453,Materials,39.885,46.44603234298608,Caution
251,HINDALCO,2023,537689.01,677187.92,71.42,2.69,7.86,1.33,11649.0,2.1664939739051015,Materials,39.885,79.06481133258119,Caution
252,HINDALCO,2024,722281.1,656285.92,56.45,9.32,27.63,0.98,9789.0,1.355289512628809,Materials,39.885,41.53190422464587,Caution
253,HINDUNILVR,2019,366409.11,343817.47,13.37,1.78,25.05,1.79,5362.0,1.4633915625078209,Consumer Staples,37.735,-64.56870279581291,Discount
254,HINDUNILVR,2020,365239.67,374855.61,22.92,6.47,12.11,3.14,9414.0,2.5774856274511473,Consumer Staples,37.735,-39.260633364250694,Discount
255,HINDUNILVR,2021,333086.26,426116.2,14.47,14.18,34.17,3.06,7935.0,2.3822657830437075,Consumer Staples,37.735,-61.65363720683715,Discount
256,HINDUNILVR,2022,435060.89,415782.26,20.69,4.16,13.57,1.4,7320.0,1.6825231061334884,Consumer Staples,37.735,-45.17026633099244,Discount
257,HINDUNILVR,2023,495019.01,451095.5,35.52,4.07,26.23,4.43,8507.0,1.7185198604797016,Consumer Staples,37.735,-5.869882072346618,Fair
258,HINDUNILVR,2024,548890.59,587463.38,34.51,11.88,7.52,4.32,10145.0,1.8482736240750641,Consumer Staples,37.735,-8.54644229495164,Fair
259,ICICIBANK,2019,634101.51,817754.59,75.38,9.81,5.65,3.37,18389.0,2.9000088645112987,Financials,43.585,72.94940920041297,Caution
260,ICICIBANK,2020,645375.01,681072.05,19.43,8.09,31.06,1.23,37470.0,5.805926696789824,Financials,43.585,-55.42044281289434,Discount
261,ICICIBANK,2021,851486.14,832663.82,12.77,9.84,34.73,4.29,74384.0,8.735785176726422,Financials,43.585,-70.70092921876793,Discount
262,ICICIBANK,2022,1050380.96,1029226.29,78.39,13.83,10.71,2.51,18663.0,1.776783920378755,Financials,43.585,79.85545485832282,Caution
263,ICICIBANK,2023,1184576.28,1275805.13,78.87,1.36,26.95,0.92,-71460.0,-6.032536798727727,Financials,43.585,80.95675117586326,Caution
264,ICICIBANK,2024,1319221.86,1598760.1,25.76,6.2,38.28,3.43,12547.0,0.9510909711578005,Financials,43.585,-40.89709762532981,Discount
265,ICICIGI,2019,827632.41,885667.8,63.73,12.4,13.56,2.98,120.0,0.014499190528316792,Financials,43.585,46.22002982677525,Caution
266,ICICIGI,2020,742801.33,675418.05,47.5,3.75,7.76,3.28,51.0,0.006865900468971967,Financials,43.585,8.982448089939197,Fair
267,ICICIGI,2021,816329.22,994705.97,55.8,11.08,15.76,1.18,407.0,0.049857335745007385,Financials,43.585,28.025696914075937,Caution
268,ICICIGI,2022,939135.7,920383.85,66.71,8.08,12.94,2.81,944.0,0.10051795496646544,Financials,43.585,53.0572444648388,Caution
269,ICICIGI,2023,1242023.75,1158606.81,15.87,12.74,8.84,0.18,605.0,0.04871082376645374,Financials,43.585,-63.58839050131927,Discount
270,ICICIGI,2024,1271789.21,1382030.89,49.0,7.86,36.96,3.46,486.0,0.03821387979852416,Financials,43.585,12.423999082253067,Fair
271,ICICIPRULI,2019,1606002.47,1499575.64,76.8,0.56,32.16,0.14,3818.0,0.23773313374792007,Financials,43.585,76.20741080647011,Caution
272,ICICIPRULI,2020,1976358.03,2520203.49,36.03,3.99,12.92,2.21,-2201.0,-0.11136646126815393,Financials,43.585,-17.333945164620854,Fair
273,ICICIPRULI,2021,1848771.31,2161526.94,34.52,5.19,21.14,2.44,2230.0,0.12062065156127937,Financials,43.585,-20.79843983021681,Discount
274,ICICIPRULI,2022,1702653.91,2014418.94,71.57,4.53,11.31,3.42,1015.0,0.05961281937795568,Financials,43.585,64.20786967993574,Caution
275,ICICIPRULI,2023,1603509.84,1469620.08,52.59,3.98,11.01,4.42,-1056.0,-0.06585553600344604,Financials,43.585,20.660777790524268,Caution
276,ICICIPRULI,2024,1596987.55,2014403.87,20.83,12.38,22.57,0.35,105.0,0.006574879059013327,Financials,43.585,-52.20832855340141,Discount
277,INDIGO,2019,1427895.35,1378214.29,60.24,6.95,31.39,3.21,634.0,0.04440101300140798,Consumer Discretionary,44.144999999999996,36.45939517499152,Caution
278,INDIGO,2020,1232702.22,1197555.92,41.91,14.04,16.97,2.83,2370.0,0.1922605444808885,Consumer Discretionary,44.144999999999996,-5.062861026163778,Fair
279,INDIGO,2021,1055244.71,1249885.41,51.42,10.87,36.66,0.66,1608.0,0.15238171627508088,Consumer Discretionary,44.144999999999996,16.47978253482842,Fair
280,INDIGO,2022,1034978.53,1343725.41,19.25,10.95,30.38,3.07,3591.0,0.34696371914111107,Consumer Discretionary,44.144999999999996,-56.3937025710726,Discount
281,INDIGO,2023,997429.81,983519.28,55.98,3.2,28.15,2.22,8664.0,0.868632550695472,Consumer Discretionary,44.144999999999996,26.809378185524977,Caution
282,INDIGO,2024,1040632.92,1061542.29,76.23,7.87,24.64,4.27,9424.0,0.9056027172386589,Consumer Discretionary,44.144999999999996,72.68093781855252,Caution
283,INDUSINDBK,2019,1305732.17,1230713.54,68.96,5.36,33.37,3.85,-7022.0,-0.537782568380773,Financials,43.585,58.219570953309606,Caution
284,INDUSINDBK,2020,1287117.57,1368891.05,60.27,1.94,31.44,0.5,-11513.0,-0.8944792821062957,Financials,43.585,38.28151887117128,Caution
285,INDUSINDBK,2021,1682555.96,1700282.89,49.44,2.2,14.43,1.82,44420.0,2.640031063216465,Financials,43.585,13.433520706665131,Fair
286,INDUSINDBK,2022,1839916.06,1655974.13,71.98,0.61,32.08,2.12,16249.0,0.8831381144637652,Financials,43.585,65.14856028450156,Caution
287,INDUSINDBK,2023,2045876.29,2011722.82,51.73,8.29,10.75,1.07,-12879.0,-0.6295102036692551,Financials,43.585,18.687621888264303,Fair
288,INDUSINDBK,2024,1807433.12,1674611.06,8.99,3.7,28.79,1.42,-17468.0,-0.9664534641259643,Financials,43.585,-79.37363771939887,Discount
289,INFY,2019,473902.69,535599.26,32.63,10.31,30.95,2.63,14209.0,2.9982948609133238,Information Technology,49.555,-34.15397033599031,Discount
290,INFY,2020,468232.33,516667.75,26.14,13.59,31.82,2.22,16672.0,3.5606255552665487,Information Technology,49.555,-47.250529714458686,Discount
291,INFY,2021,624026.61,698099.93,31.65,1.88,24.03,3.87,15851.0,2.5401160376798675,Information Technology,49.555,-36.13157098173747,Discount
292,INFY,2022,800850.39,914432.46,36.33,9.93,31.67,1.85,17400.0,2.1726904572026244,Information Technology,49.555,-26.687518918373527,Discount
293,INFY,2023,871427.0,1021527.28,71.12,11.97,5.78,0.56,21396.0,2.4552831160843076,Information Technology,49.555,43.517304005650296,Caution
294,INFY,2024,1112279.92,1372029.68,35.99,8.97,36.7,4.1,20117.0,1.808627454139422,Information Technology,49.555,-27.373625264857225,Discount
295,IOC,2019,1122574.59,1338235.9,15.28,13.46,10.22,2.98,-9822.0,-0.8749529953283548,Energy,41.495,-63.176286299554164,Discount
296,IOC,2020,1296710.19,1570004.66,47.71,1.36,29.7,1.72,-21955.0,-1.6931308297962862,Energy,41.495,14.97770815760936,Fair
297,IOC,2021,1309862.08,1698458.1,50.51,10.81,23.42,3.46,26715.0,2.0395277035579196,Energy,41.495,21.725509097481627,Caution
298,IOC,2022,1605938.54,1867479.2,79.84,7.17,29.72,3.59,4453.0,0.277283338626396,Energy,41.495,92.40872394264372,Caution
299,IOC,2023,1666992.08,1805135.73,77.78,0.97,16.74,2.19,1614.0,0.09682109587467266,Energy,41.495,87.44427039402339,Caution
300,IOC,2024,1418164.33,1786391.89,28.61,4.24,33.71,1.25,39635.0,2.794810104975634,Energy,41.495,-31.051933967947942,Discount
301,IRCTC,2019,1245806.34,1516134.78,64.3,1.79,7.79,1.38,146.0,0.011719317466308606,Consumer Discretionary,44.144999999999996,45.65635972363802,Caution
302,IRCTC,2020,1081327.44,1189646.06,36.42,8.58,15.46,2.19,417.0,0.03856371202417651,Consumer Discretionary,44.144999999999996,-17.49915052667345,Fair
303,IRCTC,2021,1100112.67,1076001.77,54.75,10.26,34.02,3.94,-205.0,-0.01863445495996333,Consumer Discretionary,44.144999999999996,24.023105674481833,Caution
304,IRCTC,2022,1322589.51,1554041.66,12.08,2.09,33.44,1.05,282.0,0.02132180830619169,Consumer Discretionary,44.144999999999996,-72.63563257447049,Discount
305,IRCTC,2023,1359334.39,1302404.03,22.05,11.74,14.17,2.02,495.0,0.03641488096243928,Consumer Discretionary,44.144999999999996,-50.05096839959224,Discount
306,IRCTC,2024,1258520.29,1473943.68,60.44,5.74,32.47,1.08,667.0,0.05299874823631171,Consumer Discretionary,44.144999999999996,36.91244761581154,Caution
307,IRFC,2019,1262848.07,1625870.1,24.73,1.86,14.21,0.55,-41747.0,-3.305781668573956,Financials,43.585,-43.26029597338534,Discount
308,IRFC,2020,1180569.92,1220291.15,37.81,13.6,11.85,4.37,-62700.0,-5.310994201851256,Financials,43.585,-13.249971320408394,Fair
309,IRFC,2021,1481705.69,1855967.59,74.92,11.42,32.61,1.97,-89907.0,-6.0678041939624325,Financials,43.585,71.89400022943674,Caution
310,IRFC,2022,1637618.34,2084678.6,35.23,1.11,31.7,2.58,-64417.0,-3.9335783208192447,Financials,43.585,-19.16943902718826,Fair
311,IRFC,2023,2059203.5,1915513.33,52.73,4.09,36.61,0.49,-28588.0,-1.3883037786212,Financials,43.585,20.981989216473547,Caution
312,IRFC,2024,2618348.58,2449260.08,9.81,3.91,16.66,2.82,7906.0,0.3019460457018293,Financials,43.585,-77.49225651026728,Discount
313,ITC,2019,215793.67,211845.82,69.58,1.15,17.46,2.84,7037.0,3.260985366252865,Consumer Staples,37.735,84.39114880084801,Caution
314,ITC,2020,281943.95,351639.75,72.45,1.41,34.43,3.51,8516.0,3.020458498932146,Consumer Staples,37.735,91.9968199284484,Caution
315,ITC,2021,366869.92,375906.12,73.65,6.34,27.19,1.91,18267.0,4.979149012816314,Consumer Staples,37.735,95.17689148005832,Caution
316,ITC,2022,390285.11,436594.31,33.63,11.99,27.18,3.1,13538.0,3.468746219910875,Consumer Staples,37.735,-10.87849476613223,Fair
317,ITC,2023,376827.06,485289.24,55.53,3.36,31.27,0.78,13146.0,3.4886029681626365,Consumer Staples,37.735,47.15781105074865,Caution
318,ITC,2024,332245.58,369131.93,47.85,3.24,17.19,4.26,18742.0,5.641008076014133,Consumer Staples,37.735,26.805353120445215,Caution
319,JINDALSTEL,2019,399948.98,518743.74,29.77,10.36,13.1,2.48,8195.0,2.049011351397871,Materials,39.885,-25.360411182148674,Discount
320,JINDALSTEL,2020,417203.18,535952.43,39.16,8.97,38.07,4.45,7338.0,1.7588552417074097,Materials,39.885,-1.8177259621411594,Fair
321,JINDALSTEL,2021,375828.8,463670.62,35.51,9.13,18.13,1.81,10077.0,2.6812740268973534,Materials,39.885,-10.96903597843801,Fair
322,JINDALSTEL,2022,349306.1,394403.82,47.36,3.25,23.96,4.38,13717.0,3.9269282729388353,Materials,39.885,18.74138147173123,Fair
323,JINDALSTEL,2023,421683.82,460644.47,73.96,8.84,9.73,2.46,3257.0,0.7723796469117549,Materials,39.885,85.43312022063432,Caution
324,JINDALSTEL,2024,396587.97,478682.44,77.64,5.73,20.22,1.9,-2336.0,-0.5890244225007633,Materials,39.885,94.65964648364049,Caution
325,JIOFIN,2019,538148.59,617305.58,12.61,12.66,11.55,4.41,,,Financials,43.585,-71.0680279912814,Discount
326,JIOFIN,2020,558776.67,640682.07,13.6,5.5,33.08,2.15,,,Financials,43.585,-68.79660433635425,Discount
327,JIOFIN,2021,727695.83,822336.58,74.86,14.75,20.89,2.54,,,Financials,43.585,71.75633818974417,Caution
328,JIOFIN,2022,922325.59,911823.25,70.04,9.08,30.39,0.36,,,Financials,43.585,60.69748766777562,Caution
329,JIOFIN,2023,1137314.0,1164967.52,65.98,7.88,14.61,4.29,945.0,0.08309050974489016,Financials,43.585,51.38235631524608,Caution
330,JIOFIN,2024,1401774.99,1814281.53,34.24,9.91,26.41,3.09,763.0,0.054430989669747215,Financials,43.585,-21.4408626821154,Discount
331,JSWENERGY,2019,62025.39,78383.66,38.52,14.43,12.47,4.49,2436.0,3.9274239146259298,Energy,41.495,-7.169538498614278,Fair
332,JSWENERGY,2020,74355.45,90011.54,36.57,13.65,24.09,3.06,2383.0,3.204876038003939,Energy,41.495,-11.868899867453903,Fair
333,JSWENERGY,2021,66726.89,76914.23,71.29,3.09,30.82,0.11,2670.0,4.001385348545392,Energy,41.495,71.80383178696232,Caution
334,JSWENERGY,2022,87619.18,113306.21,33.5,2.05,28.05,0.13,1565.0,1.7861386057253676,Energy,41.495,-19.267381612242435,Fair
335,JSWENERGY,2023,95613.82,96446.78,42.08,0.76,6.81,0.07,-4694.0,-4.909332144662769,Energy,41.495,1.409808410651888,Fair
336,JSWENERGY,2024,110870.53,124622.6,24.79,9.88,35.95,1.25,-1963.0,-1.7705336124937798,Energy,41.495,-40.257862393059405,Discount
337,JSWSTEEL,2019,1475187.02,1347624.91,35.01,7.86,30.61,1.29,3246.0,0.22003989704302032,Materials,39.885,-12.222640090259498,Fair
338,JSWSTEEL,2020,1978764.31,2322705.01,34.84,1.91,11.35,2.19,-6804.0,-0.34385095615556155,Materials,39.885,-12.648865488278787,Fair
339,JSWSTEEL,2021,2171392.42,2621060.67,60.28,3.42,25.82,0.09,11087.0,0.5105940270345053,Materials,39.885,51.134511721198464,Caution
340,JSWSTEEL,2022,2278384.96,2746916.82,36.76,12.62,39.17,2.73,11522.0,0.5057090966752168,Materials,39.885,-7.8350256988842935,Fair
341,JSWSTEEL,2023,2101814.77,2210837.76,8.68,9.24,33.75,2.83,12593.0,0.5991488964557995,Materials,39.885,-78.237432618779,Discount
342,JSWSTEEL,2024,2612646.38,3187328.18,69.27,4.37,35.49,2.94,-2389.0,-0.09143985264473488,Materials,39.885,73.67431365174878,Caution
343,KOTAKBANK,2019,588705.26,753585.68,49.36,12.73,14.15,1.87,-1501.0,-0.25496629671696835,Financials,43.585,13.249971320408394,Fair
344,KOTAKBANK,2020,554552.04,614466.43,43.71,3.59,28.55,0.53,33551.0,6.050108480351095,Financials,43.585,0.2867959160261558,Fair
345,KOTAKBANK,2021,488474.8,514833.87,37.51,5.14,14.03,1.52,-6291.0,-1.2878862942366731,Financials,43.585,-13.938281518871175,Fair
346,KOTAKBANK,2022,455106.0,483040.86,73.13,3.75,28.96,0.64,-2595.0,-0.5701968332652173,Financials,43.585,67.78708271194218,Caution
347,KOTAKBANK,2023,467372.62,480678.67,75.47,6.71,29.17,2.71,-11623.0,-2.4868808104334397,Financials,43.585,73.15590225995182,Caution
348,KOTAKBANK,2024,430223.52,548886.13,32.9,1.15,15.52,1.51,6766.0,1.5726708758275234,Financials,43.585,-24.5153149019158,Discount
349,LICI,2019,166637.32,173087.14,53.3,0.6,39.37,0.77,22910.0,13.748420821938327,Financials,43.585,22.28977859355282,Caution
350,LICI,2020,196576.3,233201.16,20.36,2.12,10.34,1.11,13952.0,7.097498528561175,Financials,43.585,-53.286681197659746,Discount
351,LICI,2021,183625.08,214767.85,38.3,8.3,6.66,3.88,229049.0,124.7373180177784,Financials,43.585,-12.125731329585875,Fair
352,LICI,2022,171741.93,179309.03,13.18,2.48,28.3,3.12,8748.0,5.093689118318398,Financials,43.585,-69.76023861420214,Discount
353,LICI,2023,204112.31,228780.25,76.58,7.85,20.73,1.11,1671.0,0.8186669388044259,Financials,43.585,75.70264999426406,Caution
354,LICI,2024,183583.67,205478.22,30.67,8.1,12.21,3.77,853.0,0.46463827637828564,Financials,43.585,-29.63175404382241,Discount
355,LODHA,2019,1516344.89,1875614.07,70.86,14.94,17.0,3.4,-638.0,-0.04207486068687184,Real Estate,49.505,43.137056862943126,Caution
356,LODHA,2020,1462369.84,1681605.99,58.75,11.25,12.25,3.82,3954.0,0.27038303798716196,Real Estate,49.505,18.67488132511867,Fair
357,LODHA,2021,1550822.64,1529960.67,47.06,13.02,38.85,3.37,2944.0,0.1898347318427077,Real Estate,49.505,-4.938895061104939,Fair
358,LODHA,2022,1322559.29,1261563.26,13.49,1.97,18.41,1.52,3137.0,0.23719163471302673,Real Estate,49.505,-72.75022724977275,Discount
359,LODHA,2023,1199352.96,1502662.3,52.31,12.05,18.0,1.85,4539.0,0.37845406243046253,Real Estate,49.505,5.666094333905665,Fair
360,LODHA,2024,1209919.99,1301112.44,51.95,7.65,34.33,4.05,-435.0,-0.03595279056427525,Real Estate,49.505,4.938895061104939,Fair
361,LT,2019,685872.93,876598.39,60.92,9.78,31.09,0.34,-15779.0,-2.3005719149755626,Industrials,49.83,22.25566927553683,Caution
362,LT,2020,606183.52,582692.86,18.62,6.6,10.51,3.85,-1714.0,-0.28275265549944345,Industrials,49.83,-62.63295203692555,Discount
363,LT,2021,690472.41,723135.04,13.01,9.07,9.08,3.34,17324.0,2.509006840693316,Industrials,49.83,-73.89123018262092,Discount
364,LT,2022,864042.71,965645.93,18.77,11.91,15.77,1.0,15579.0,1.8030358707615275,Industrials,49.83,-62.331928557094116,Discount
365,LT,2023,937726.82,1190030.19,29.41,13.63,6.88,0.38,14729.0,1.5707133128601356,Industrials,49.83,-40.97932972105157,Discount
366,LT,2024,1124597.5,1097873.76,30.8,2.48,16.63,1.26,20445.0,1.8179837675257147,Industrials,49.83,-38.18984547461368,Discount
367,LTIM,2019,1328108.48,1702596.39,60.16,10.57,29.3,3.97,646.0,0.04864060502045737,Information Technology,49.555,21.40046413076379,Caution
368,LTIM,2020,1325609.47,1352170.5,61.37,3.82,36.92,2.41,1001.0,0.07551243580056803,Information Technology,49.555,23.842195540308744,Caution
369,LTIM,2021,1325692.27,1604670.91,30.49,14.47,39.4,3.0,743.0,0.056046189361879585,Information Technology,49.555,-38.47240439915246,Discount
370,LTIM,2022,1202160.21,1208511.88,45.11,12.85,11.47,0.47,1608.0,0.13375921001411287,Information Technology,49.555,-8.969831500353145,Fair
371,LTIM,2023,1066603.12,1176236.08,71.7,1.11,12.43,3.12,2824.0,0.26476577342095153,Information Technology,49.555,44.687720714357795,Caution
372,LTIM,2024,1347046.9,1647384.23,64.52,2.38,18.9,4.43,1752.0,0.13006228662120078,Information Technology,49.555,30.19876904449601,Caution
373,M&M,2019,1707695.34,2021410.72,76.49,7.02,9.79,3.01,-11521.0,-0.6746519551900867,Consumer Discretionary,44.144999999999996,73.26990599161853,Caution
374,M&M,2020,2271322.15,2677621.8,65.84,6.63,8.38,0.76,-8327.0,-0.3666146609806099,Consumer Discretionary,44.144999999999996,49.144863517952224,Caution
375,M&M,2021,3046586.67,3342939.51,8.87,14.35,22.42,3.76,-1777.0,-0.058327570900846885,Consumer Discretionary,44.144999999999996,-79.9071242496319,Discount
376,M&M,2022,3425061.3,3221889.8,52.32,14.96,6.22,3.79,5996.0,0.17506256019417812,Consumer Discretionary,44.144999999999996,18.51851851851853,Fair
377,M&M,2023,3314570.19,3505312.06,34.84,13.53,22.66,2.01,-15940.0,-0.48090699808049625,Consumer Discretionary,44.144999999999996,-21.078264809151644,Discount
378,M&M,2024,4173085.48,3837414.39,14.22,0.81,29.08,2.37,-11245.0,-0.2694648852484086,Consumer Discretionary,44.144999999999996,-67.78797145769623,Discount
379,MARUTI,2019,1445154.02,1428864.0,65.97,4.77,37.75,1.13,3061.0,0.2118113334383556,Consumer Discretionary,44.144999999999996,49.43934760448523,Caution
380,MARUTI,2020,1349572.01,1480925.31,11.64,1.03,22.36,0.97,2939.0,0.21777274411611428,Consumer Discretionary,44.144999999999996,-73.63234794427454,Discount
381,MARUTI,2021,1153447.24,1174696.92,42.37,6.22,9.74,2.61,1565.0,0.1356802414300285,Consumer Discretionary,44.144999999999996,-4.020840412277718,Fair
382,MARUTI,2022,1390095.96,1626712.07,36.35,2.5,22.48,4.01,1601.0,0.11517190511078099,Consumer Discretionary,44.144999999999996,-17.65771888096046,Fair
383,MARUTI,2023,1507366.44,1474615.02,14.7,14.19,31.01,1.41,1995.0,0.13235003427567354,Consumer Discretionary,44.144999999999996,-66.70064559972818,Discount
384,MARUTI,2024,1503863.63,1891991.87,20.78,8.26,29.97,1.78,4936.0,0.3282212496887102,Consumer Discretionary,44.144999999999996,-52.927851398799405,Discount
385,MOTHERSON,2019,62318.66,78566.59,45.66,12.32,24.45,4.25,994.0,1.5950278776854314,Consumer Discretionary,44.144999999999996,3.4318722392116903,Fair
386,MOTHERSON,2020,81298.87,88872.29,30.92,9.22,28.62,2.24,4132.0,5.082481466224562,Consumer Discretionary,44.144999999999996,-29.958092649224138,Discount
387,MOTHERSON,2021,102529.39,99795.08,32.08,10.45,13.63,1.98,3165.0,3.086919760275566,Consumer Discretionary,44.144999999999996,-27.330388492468,Discount
388,MOTHERSON,2022,136555.49,157086.66,76.33,10.98,30.36,2.66,159.0,0.11643618282941243,Consumer Discretionary,44.144999999999996,72.90746403896252,Caution
389,MOTHERSON,2023,125781.85,139351.91,26.19,14.98,14.34,1.04,2395.0,1.9040902960164763,Consumer Discretionary,44.144999999999996,-40.67278287461773,Discount
390,MOTHERSON,2024,146151.16,161406.34,9.54,2.38,33.39,2.18,925.0,0.6329063689949501,Consumer Discretionary,44.144999999999996,-78.38939857288482,Discount
391,NAUKRI,2019,241741.48,242045.98,24.1,14.39,17.67,0.21,217.0,0.08976531458316545,Communication Services,48.23,-50.0311009744972,Discount
392,NAUKRI,2020,322764.36,393106.28,26.32,6.43,35.18,1.61,447.0,0.13849112708726577,Communication Services,48.23,-45.42815674891146,Discount
393,NAUKRI,2021,365918.61,407612.38,36.89,9.77,21.57,0.1,-1767.0,-0.4828942698486967,Communication Services,48.23,-23.512336719883884,Discount
394,NAUKRI,2022,460029.78,434848.82,41.41,8.91,29.69,1.85,-470.0,-0.10216729882139368,Communication Services,48.23,-14.140576404727351,Fair
395,NAUKRI,2023,560212.42,533624.76,55.05,12.48,36.13,2.61,154.0,0.027489572616044466,Communication Services,48.23,14.140576404727351,Fair
396,NAUKRI,2024,563824.44,544283.76,32.88,8.33,11.87,4.29,-150.0,-0.026604025891463663,Communication Services,48.23,-31.82666390213559,Discount
397,NESTLEIND,2019,1166468.62,1312026.08,64.83,4.06,23.34,1.83,2378.0,0.20386317807674928,Consumer Staples,37.735,71.80336557572545,Caution
398,NESTLEIND,2020,1106130.85,1267509.76,79.55,5.8,24.33,1.48,2133.0,0.19283432877764867,Consumer Staples,37.735,110.8122432754737,Caution
399,NESTLEIND,2021,1425221.19,1775599.1,20.87,13.55,10.3,0.43,316.0,0.02217199703577239,Consumer Staples,37.735,-44.69325559825096,Discount
400,NESTLEIND,2022,1676726.13,1767875.72,46.21,9.96,6.85,1.32,2345.0,0.1398558749722592,Consumer Staples,37.735,22.459255333245,Caution
401,NESTLEIND,2023,1811624.04,1823644.1,11.53,1.76,33.06,4.1,2465.0,0.13606575898606424,Consumer Staples,37.735,-69.44481250828143,Discount
402,NESTLEIND,2024,1677775.19,1677279.88,54.96,14.34,15.49,3.85,2938.0,0.17511285287273798,Consumer Staples,37.735,45.64727706373394,Caution
403,NHPC,2019,1011493.79,965474.33,78.1,6.89,38.35,2.06,2642.0,0.26119784680042374,Energy,41.495,88.21544764429449,Caution
404,NHPC,2020,1127857.12,1378139.89,60.03,9.48,19.59,3.57,6.0,0.0005319822780389061,Energy,41.495,44.66803229304737,Caution
405,NHPC,2021,1493411.59,1349931.11,50.32,13.06,27.86,3.6,3463.0,0.23188516971399692,Energy,41.495,21.26762260513316,Caution
406,NHPC,2022,1937747.16,2326033.72,59.63,14.49,35.23,3.67,1506.0,0.07771911790597077,Energy,41.495,43.70406073020847,Caution
407,NHPC,2023,1730799.02,1723204.19,48.09,10.79,15.61,0.42,514.0,0.02969726664162313,Energy,41.495,15.893481142306317,Fair
408,NHPC,2024,1740404.25,2103124.81,71.17,13.74,18.26,1.68,970.0,0.05573417784977254,Energy,41.495,71.51464031811064,Caution
409,NTPC,2019,636264.32,742188.74,33.8,0.79,20.37,1.01,-5377.0,-0.8450890346955178,Energy,41.495,-18.54440294011327,Fair
410,NTPC,2020,549989.15,598573.64,22.83,7.06,14.72,2.72,-5738.0,-1.0432933086043605,Energy,41.495,-44.98132305097,Discount
411,NTPC,2021,739976.68,827954.56,54.58,13.83,18.09,0.75,11410.0,1.5419404838541668,Energy,41.495,31.533919749367396,Caution
412,NTPC,2022,733611.88,778448.75,54.44,0.57,34.87,0.34,18897.0,2.5758852214879617,Energy,41.495,31.19652970237378,Caution
413,NTPC,2023,953935.75,1220821.99,79.29,12.24,9.96,3.18,21007.0,2.202139923993833,Energy,41.495,91.08326304374023,Caution
414,NTPC,2024,907823.11,1142814.16,30.8,5.24,37.12,0.06,8644.0,0.9521678733206076,Energy,41.495,-25.774189661404982,Discount
415,ONGC,2019,312963.15,369386.85,54.62,10.21,35.8,0.54,24326.0,7.772800088444917,Energy,41.495,31.630316905651284,Caution
416,ONGC,2020,347727.36,413862.0,53.8,7.0,5.6,0.27,17434.0,5.013698088065317,Energy,41.495,29.654175201831546,Caution
417,ONGC,2021,316247.83,328041.06,16.47,6.68,11.25,3.51,8044.0,2.54357476539839,Energy,41.495,-60.308470900108446,Discount
418,ONGC,2022,406613.69,429326.73,44.82,14.33,23.74,4.48,37051.0,9.11208867561739,Energy,41.495,8.013013616098332,Fair
419,ONGC,2023,374517.84,466233.73,43.8,0.83,39.03,4.34,11372.0,3.0364374631659734,Energy,41.495,5.554886130859139,Fair
420,ONGC,2024,390111.05,499988.49,18.15,10.36,11.72,1.11,42060.0,10.781545408672736,Energy,41.495,-56.25979033618508,Discount
421,PFC,2019,1215368.18,1097296.38,37.83,3.81,28.92,0.88,-93715.0,-7.710832120024732,Financials,43.585,-13.204083973844218,Fair
422,PFC,2020,1544887.02,1555449.73,36.3,4.82,27.54,0.46,-42221.0,-2.7329506593951445,Financials,43.585,-16.714465986004367,Fair
423,PFC,2021,1682458.73,1739295.43,71.66,1.56,34.04,0.75,-57402.0,-3.4117924544871303,Financials,43.585,64.41436273947458,Caution
424,PFC,2022,1504604.05,1475909.96,15.39,8.05,39.59,0.15,4357.0,0.2895778460785081,Financials,43.585,-64.6896868188597,Discount
425,PFC,2023,1625821.23,1714311.64,32.45,5.31,36.33,0.09,-76411.0,-4.699840215519882,Financials,43.585,-25.547780199609953,Discount
426,PFC,2024,2011885.81,2014246.29,35.6,6.59,15.67,0.42,-101229.0,-5.031547988302576,Financials,43.585,-18.32052311575083,Fair
427,PIDILITIND,2019,175760.23,215960.74,17.69,11.27,15.11,3.98,332.0,0.18889369910360265,Materials,39.885,-55.647486523755795,Discount
428,PIDILITIND,2020,187037.75,181181.47,78.98,3.06,24.87,2.56,1383.0,0.7394229239819234,Materials,39.885,98.01930550332207,Caution
429,PIDILITIND,2021,193847.18,248239.82,68.76,12.53,39.1,2.06,-296.0,-0.15269760437061813,Materials,39.885,72.39563745769088,Caution
430,PIDILITIND,2022,174189.7,210104.54,35.42,3.26,21.91,4.17,397.0,0.2279124425841482,Materials,39.885,-11.194684718565869,Fair
431,PIDILITIND,2023,162985.56,202017.26,38.11,2.48,34.69,4.36,659.0,0.40433029772698886,Materials,39.885,-4.450294596966275,Fair
432,PIDILITIND,2024,162274.18,165749.2,36.12,12.3,5.36,1.01,955.0,0.588510137595519,Materials,39.885,-9.439638962015797,Fair
433,PNB,2019,1116326.04,1152180.48,70.8,13.8,38.18,1.23,-34161.0,-3.0601274874856452,Financials,43.585,62.44120683721462,Caution
434,PNB,2020,1458207.93,1742246.74,19.1,9.35,5.92,3.19,-13131.0,-0.9004888623805524,Financials,43.585,-56.177584031203395,Discount
435,PNB,2021,1774323.73,2157108.17,20.42,9.61,11.26,4.26,30163.0,1.6999716280636117,Financials,43.585,-53.14901915796719,Discount
436,PNB,2022,2107018.91,1976658.37,21.47,10.12,21.68,3.31,18828.0,0.8935847661661469,Financials,43.585,-50.739933463347484,Discount
437,PNB,2023,2086779.73,2427273.35,20.74,8.38,38.52,2.83,21860.0,1.0475470738830686,Financials,43.585,-52.41482161294023,Discount
438,PNB,2024,1825925.6,2365495.49,19.29,10.91,23.64,1.32,-29445.0,-1.6126067787208855,Financials,43.585,-55.741654238843644,Discount
439,POWERGRID,2019,253564.15,315271.49,70.85,7.24,8.63,3.98,4544.0,1.7920514394483604,Energy,41.495,70.7434630678395,Caution
440,POWERGRID,2020,277274.49,298210.09,37.33,5.79,23.41,2.72,20006.0,7.215232818569064,Energy,41.495,-10.037353898060006,Fair
441,POWERGRID,2021,300348.19,378036.04,30.87,8.89,15.5,3.39,20159.0,6.711876638910326,Energy,41.495,-25.605494637908176,Discount
442,POWERGRID,2022,270631.91,263995.91,65.69,3.16,26.9,4.37,26877.0,9.931201387153497,Energy,41.495,58.30822990721774,Caution
443,POWERGRID,2023,300792.57,293260.29,31.09,12.44,17.31,3.26,33065.0,10.992625250018643,Energy,41.495,-25.075310278346784,Discount
444,POWERGRID,2024,372584.24,410018.95,64.39,5.1,23.07,3.09,24176.0,6.488733930345523,Energy,41.495,55.17532232799134,Caution
445,RECLTD,2019,252889.41,293557.74,55.19,7.65,32.85,2.17,-35409.0,-14.00177255346517,Financials,43.585,26.626132843868294,Caution
446,RECLTD,2020,326394.54,389833.03,30.66,6.23,28.37,4.03,-32591.0,-9.985154776179774,Financials,43.585,-29.65469771710451,Discount
447,RECLTD,2021,306600.13,339058.49,16.55,4.55,29.01,0.35,-42651.0,-13.91095300579292,Financials,43.585,-62.02822071813697,Discount
448,RECLTD,2022,362149.73,456426.16,77.79,3.64,31.21,4.17,-1106.0,-0.3053985433041742,Financials,43.585,78.47883446139728,Caution
449,RECLTD,2023,324371.96,345653.82,74.2,3.44,37.68,2.37,-38303.0,-11.80835729450844,Financials,43.585,70.24205575312608,Caution
450,RECLTD,2024,291917.42,315256.49,31.49,4.59,23.95,2.18,-59554.0,-20.40097504287343,Financials,43.585,-27.75037283469084,Discount
451,RELIANCE,2019,648684.98,791997.19,42.66,12.4,33.86,1.43,-52161.0,-8.041037114810337,Energy,41.495,2.8075671767682833,Fair
452,RELIANCE,2020,552791.93,699004.44,62.77,2.06,29.56,0.09,22380.0,4.048539565329761,Energy,41.495,51.27123749849382,Caution
453,RELIANCE,2021,477545.63,530232.91,14.91,14.48,36.28,2.92,-115427.0,-24.17088394254597,Energy,41.495,-64.06795999518013,Discount
454,RELIANCE,2022,421125.76,433731.78,34.76,7.47,10.91,2.6,1492.0,0.35428846717902035,Energy,41.495,-16.230871189299915,Fair
455,RELIANCE,2023,449714.02,575147.7,75.41,8.7,27.55,0.62,22031.0,4.898891077489646,Energy,41.495,81.73273888420292,Caution
456,RELIANCE,2024,432472.71,545039.37,58.34,3.25,24.96,4.21,45207.0,10.453145124463461,Energy,41.495,40.59525244005304,Caution
457,SBILIFE,2019,491285.25,627277.98,41.21,6.55,14.36,4.01,-79.0,-0.01608027108487381,Financials,43.585,-5.4491224044969595,Fair
458,SBILIFE,2020,625311.99,663578.68,10.2,6.98,11.33,0.64,2313.0,0.3698953541575302,Financials,43.585,-76.5974532522657,Discount
459,SBILIFE,2021,654418.26,614911.54,76.94,1.19,19.05,0.73,4675.0,0.7143749320197759,Financials,43.585,76.5286222324194,Caution
460,SBILIFE,2022,781640.88,728117.69,47.37,11.71,38.25,3.14,241.0,0.03083257364942325,Financials,43.585,8.68418033727199,Fair
461,SBILIFE,2023,703278.16,657852.17,60.68,3.62,20.65,4.39,-1547.0,-0.21996986228038132,Financials,43.585,39.22220947573706,Caution
462,SBILIFE,2024,886097.71,1097553.71,69.98,9.48,31.04,1.62,-2099.0,-0.23688132542403253,Financials,43.585,60.55982562808306,Caution
463,SBIN,2019,1482417.4,1684030.56,28.31,2.13,24.87,1.59,29776.0,2.008611069999583,Financials,43.585,-35.04646093839624,Discount
464,SBIN,2020,1692341.99,1901297.81,47.04,2.29,20.41,3.65,23374.0,1.3811629173131845,Financials,43.585,7.9270391189629414,Fair
465,SBIN,2021,1705155.98,1837361.16,43.56,13.01,27.95,0.45,86249.0,5.058129638087419,Financials,43.585,-0.0573591832052279,Fair
466,SBIN,2022,2187008.32,2696201.57,62.26,7.26,31.51,2.15,55043.0,2.516817128523773,Financials,43.585,42.84730985430767,Caution
467,SBIN,2023,2664457.97,3336018.79,72.12,7.09,35.08,0.46,-86980.0,-3.264453820602019,Financials,43.585,65.46977171045086,Caution
468,SBIN,2024,2400436.05,2686824.35,54.93,2.72,21.53,0.42,18156.0,0.7563625783740417,Financials,43.585,26.029597338533893,Caution
469,SHREECEM,2019,1156357.29,1381911.24,35.24,14.91,28.2,3.67,1360.0,0.11761070836505903,Materials,39.885,-11.645982198821603,Fair
470,SHREECEM,2020,1370108.42,1775340.62,67.14,8.03,17.84,3.07,-1617.0,-0.1180198571438602,Materials,39.885,68.33396013538925,Caution
471,SHREECEM,2021,1568926.09,1806995.31,32.7,6.72,24.53,3.78,1603.0,0.10217179829038346,Materials,39.885,-18.014291086874753,Fair
472,SHREECEM,2022,1932061.03,1830555.08,25.68,0.89,5.28,1.01,525.0,0.027173054673122823,Materials,39.885,-35.61489281684844,Discount
473,SHREECEM,2023,2414420.31,3046754.72,36.21,8.67,29.71,4.29,164.0,0.006792520727263099,Materials,39.885,-9.213990221887922,Fair
474,SHREECEM,2024,3154358.33,2911084.5,25.87,1.21,26.58,3.2,1929.0,0.06115348347250073,Materials,39.885,-35.13852325435627,Discount
475,SHRIRAMFIN,2019,594898.99,643160.23,79.88,0.51,8.83,1.36,-5611.0,-0.9431853296641165,Financials,43.585,83.27406217735458,Caution
476,SHRIRAMFIN,2020,513251.36,622540.94,11.8,11.36,6.84,1.14,-2519.0,-0.49079265956548074,Financials,43.585,-72.92646552713089,Discount
477,SHRIRAMFIN,2021,652156.9,835046.55,37.85,14.56,26.94,1.87,-4264.0,-0.653830389588763,Financials,43.585,-13.158196627280025,Fair
478,SHRIRAMFIN,2022,816109.58,830906.79,27.14,10.02,18.67,0.61,-8893.0,-1.0896820988181515,Financials,43.585,-37.73087071240106,Discount
479,SHRIRAMFIN,2023,721018.22,876135.94,56.67,6.47,36.37,1.85,-12549.0,-1.7404553244160736,Financials,43.585,30.02179648961799,Caution
480,SHRIRAMFIN,2024,868933.47,1098024.4,68.53,7.91,28.82,1.86,-31359.0,-3.608906905151208,Financials,43.585,57.23299300217965,Caution
481,SIEMENS,2019,951918.38,1022262.14,23.09,1.05,25.6,3.89,138.0,0.014497041227421199,Industrials,49.83,-53.66245233794903,Discount
482,SIEMENS,2020,821304.84,803574.42,41.13,10.16,10.99,0.26,1591.0,0.1937161358990652,Industrials,49.83,-17.45936183022275,Fair
483,SIEMENS,2021,911257.72,1118554.17,10.54,5.57,28.22,0.59,-967.0,-0.10611707081065937,Industrials,49.83,-78.84808348384507,Discount
484,SIEMENS,2022,882073.22,982803.39,76.63,4.67,22.06,1.8,944.0,0.10702059405000414,Industrials,49.83,53.782861729881596,Caution
485,SIEMENS,2023,1145547.03,1063933.61,48.76,12.77,39.58,3.14,641.0,0.05595579956241517,Industrials,49.83,-2.1473008227975123,Fair
486,SIEMENS,2024,1191331.95,1268446.56,33.32,9.25,30.88,3.69,1168.0,0.09804152402695152,Industrials,49.83,-33.13265101344571,Discount
487,SUNPHARMA,2019,758612.89,960774.91,74.3,10.71,27.29,2.39,1886.0,0.2486116469758377,Healthcare,37.955,95.75813463311816,Caution
488,SUNPHARMA,2020,714309.02,678202.02,42.97,2.81,25.19,2.91,4330.0,0.6061802215517312,Healthcare,37.955,13.213015412989067,Fair
489,SUNPHARMA,2021,794888.64,726981.85,12.16,2.14,10.38,4.45,6577.0,0.827411497540083,Healthcare,37.955,-67.96206033460676,Discount
490,SUNPHARMA,2022,812572.94,826215.51,11.76,9.71,27.83,0.79,3429.0,0.4219928859555673,Healthcare,37.955,-69.01593992886313,Discount
491,SUNPHARMA,2023,1064162.39,1298488.21,24.58,7.54,21.04,1.57,-2261.0,-0.21246757273577394,Healthcare,37.955,-35.23909893294691,Discount
492,SUNPHARMA,2024,1339586.09,1264175.16,37.9,6.71,21.41,3.88,11372.0,0.8489189373413096,Healthcare,37.955,-0.14490844421024823,Fair
493,TATACONSUM,2019,298527.54,342447.92,20.52,1.59,19.93,0.99,263.0,0.08809907454434523,Consumer Staples,37.735,-45.62077646747052,Discount
494,TATACONSUM,2020,307664.97,308860.07,14.67,8.63,5.95,4.35,460.0,0.14951328388148968,Consumer Staples,37.735,-61.12362528156883,Discount
495,TATACONSUM,2021,314022.94,369938.81,66.35,4.55,31.21,3.75,1310.0,0.4171669751260847,Consumer Staples,37.735,75.83145620776466,Caution
496,TATACONSUM,2022,304809.07,395336.72,9.49,3.65,32.3,0.87,199.0,0.06528677115808922,Consumer Staples,37.735,-74.85093414601828,Discount
497,TATACONSUM,2023,365505.69,454035.61,77.06,7.38,38.99,1.85,627.0,0.1715431570983204,Consumer Staples,37.735,104.21359480588315,Caution
498,TATACONSUM,2024,350543.35,387549.77,54.79,7.14,24.84,1.87,26.0,0.007417056977403794,Consumer Staples,37.735,45.196766927255865,Caution
499,TATAMOTORS,2019,1047137.5,1151780.53,26.23,11.5,16.82,3.67,-1987.0,-0.1897554046149622,Consumer Discretionary,44.144999999999996,-40.58217238645373,Discount
500,TATAMOTORS,2020,919827.57,950063.39,14.79,1.74,28.04,1.73,-6482.0,-0.7046972945157537,Consumer Discretionary,44.144999999999996,-66.49677200135916,Discount
501,TATAMOTORS,2021,1182658.61,1308685.14,29.26,10.95,26.84,3.6,3329.0,0.2814844429196689,Consumer Discretionary,44.144999999999996,-33.71842790803035,Discount
502,TATAMOTORS,2022,1385832.42,1339830.23,56.26,6.18,21.21,4.15,9839.0,0.7099704017604092,Consumer Discretionary,44.144999999999996,27.443651602673015,Caution
503,TATAMOTORS,2023,1427382.48,1634044.14,34.17,1.87,20.87,2.69,19971.0,1.3991344492332567,Consumer Discretionary,44.144999999999996,-22.59599048589873,Discount
504,TATAMOTORS,2024,1504106.64,1588737.42,67.07,0.93,15.35,3.65,45133.0,3.000651602734764,Consumer Discretionary,44.144999999999996,51.931136028995354,Caution
505,TATAPOWER,2019,1458746.25,1831481.73,22.32,3.71,34.62,4.06,4302.0,0.29491078383234914,Energy,41.495,-46.210386793589585,Discount
506,TATAPOWER,2020,1402442.85,1295478.08,14.5,4.29,31.65,2.29,6882.0,0.4907151831534525,Energy,41.495,-65.05603084709001,Discount
507,TATAPOWER,2021,1511545.08,1713572.11,72.1,1.81,29.32,4.17,9338.0,0.6177784654626377,Energy,41.495,73.75587420171105,Caution
508,TATAPOWER,2022,1446057.42,1786038.43,58.26,0.71,13.11,2.73,443.0,0.030635021394931888,Energy,41.495,40.40245812748524,Caution
509,TATAPOWER,2023,1592398.68,1769432.81,24.7,10.29,14.32,1.75,-97.0,-0.006091439362408917,Energy,41.495,-40.47475599469815,Discount
510,TATAPOWER,2024,1647269.48,1925345.06,14.5,3.48,12.02,0.49,3569.0,0.2166615750083587,Energy,41.495,-65.05603084709001,Discount
511,TATASTEEL,2019,363770.91,433930.41,55.54,7.39,6.84,4.32,-3840.0,-1.0556094218748828,Materials,39.885,39.25034474113075,Caution
512,TATASTEEL,2020,339775.94,396643.74,73.73,10.62,12.63,1.42,6157.0,1.812076511362164,Materials,39.885,84.85646232919646,Caution
513,TATASTEEL,2021,293941.16,336592.99,52.14,11.02,5.38,3.68,34890.0,11.869722498203384,Materials,39.885,30.725836780744647,Caution
514,TATASTEEL,2022,358418.76,342775.45,33.03,9.76,22.35,0.52,33476.0,9.339912899648445,Materials,39.885,-17.186912373072577,Fair
515,TATASTEEL,2023,320309.06,388401.17,19.23,3.0,34.08,2.75,3504.0,1.0939434557361567,Materials,39.885,-51.78638585934562,Discount
516,TATASTEEL,2024,369110.65,402972.23,48.97,9.23,38.87,1.0,6048.0,1.6385330523516455,Materials,39.885,22.77798671179642,Caution
517,TCS,2019,286225.25,332959.97,47.53,2.11,17.76,0.8,30238.0,10.56440687884804,Information Technology,49.555,-4.08636868126324,Fair
517,TCS,2019,286225.25,332959.97,47.53,2.11,17.76,0.8,30238.0,10.56440687884804,Information Technology,49.555,-4.08636868126324,Fair
518,TCS,2020,290730.69,372282.29,57.2,0.61,13.84,0.05,41337.0,14.218313174986788,Information Technology,49.555,15.427302996670372,Fair
518,TCS,2020,290730.69,372282.29,57.2,0.61,13.84,0.05,41337.0,14.218313174986788,Information Technology,49.555,15.427302996670372,Fair
519,TCS,2021,351038.19,381848.36,79.57,11.14,23.13,3.62,30846.0,8.787078123893016,Information Technology,49.555,60.569064675612935,Caution
519,TCS,2021,351038.19,381848.36,79.57,11.14,23.13,3.62,30846.0,8.787078123893016,Information Technology,49.555,60.569064675612935,Caution
520,TCS,2022,422088.96,421038.16,46.18,8.56,20.79,0.81,39211.0,9.289747829462302,Information Technology,49.555,-6.810614468772072,Fair
520,TCS,2022,422088.96,421038.16,46.18,8.56,20.79,0.81,39211.0,9.289747829462302,Information Technology,49.555,-6.810614468772072,Fair
521,TCS,2023,405916.42,410957.48,8.74,13.8,29.01,3.1,42513.0,10.473338329107259,Information Technology,49.555,-82.36303097568359,Discount
521,TCS,2023,405916.42,410957.48,8.74,13.8,29.01,3.1,42513.0,10.473338329107259,Information Technology,49.555,-82.36303097568359,Discount
522,TCS,2024,461188.15,542230.13,78.69,6.08,29.94,1.62,50429.0,10.934582772779395,Information Technology,49.555,58.793260014125714,Caution
522,TCS,2024,461188.15,542230.13,78.69,6.08,29.94,1.62,50429.0,10.934582772779395,Information Technology,49.555,58.793260014125714,Caution
523,TECHM,2019,1639903.22,2067764.75,8.39,4.82,9.69,2.04,2328.0,0.14195959685962442,Information Technology,49.555,-83.06931692059328,Discount
524,TECHM,2020,1800162.47,1804413.77,60.09,4.41,34.89,0.8,5439.0,0.30213939522914285,Information Technology,49.555,21.259206941781866,Caution
525,TECHM,2021,1860679.7,2137725.8,51.58,1.63,34.62,2.69,2661.0,0.14301225514525687,Information Technology,49.555,4.08636868126324,Fair
526,TECHM,2022,2390842.75,2981510.56,47.31,13.71,34.69,4.31,5765.0,0.24112836362826456,Information Technology,49.555,-4.530319846635047,Fair
527,TECHM,2023,3048920.3,3745542.3,41.79,3.57,36.87,3.25,5346.0,0.17534075915333044,Information Technology,49.555,-15.669458177782264,Fair
528,TECHM,2024,3021095.64,3131058.36,57.4,7.43,7.85,0.64,5058.0,0.16742270363873682,Information Technology,49.555,15.83089496519019,Fair
529,TITAN,2019,1135740.07,1252789.18,63.2,11.39,10.85,0.44,446.0,0.03926954870932747,Consumer Discretionary,44.144999999999996,43.16457129912789,Caution
530,TITAN,2020,1301076.74,1556937.57,18.73,5.89,35.46,4.25,-113.0,-0.008685114146303161,Consumer Discretionary,44.144999999999996,-57.57163891720466,Discount
531,TITAN,2021,1401305.03,1305744.95,26.55,3.88,13.36,2.22,1340.0,0.09562514736709395,Consumer Discretionary,44.144999999999996,-39.85728848114169,Discount
532,TITAN,2022,1599747.79,1518166.79,72.03,9.49,25.9,4.44,441.0,0.027566845396298376,Consumer Discretionary,44.144999999999996,63.166836561332,Caution
533,TITAN,2023,1862221.59,2367970.55,28.61,3.98,23.08,2.29,-444.0,-0.02384249019473563,Consumer Discretionary,44.144999999999996,-35.19084834069543,Discount
534,TITAN,2024,1793769.72,2116401.21,10.13,10.51,21.0,3.1,1506.0,0.0839572651499547,Consumer Discretionary,44.144999999999996,-77.05289387246573,Discount
535,TORNTPHARM,2019,961478.14,994047.23,78.75,1.44,28.93,2.04,1552.0,0.16141812646931317,Healthcare,37.955,107.48254511922013,Caution
536,TORNTPHARM,2020,1212490.1,1474201.75,65.62,1.87,33.78,0.96,1622.0,0.1337742881364557,Healthcare,37.955,72.88894743775526,Caution
537,TORNTPHARM,2021,1046185.12,1032684.61,42.51,11.26,12.65,0.51,1561.0,0.14920877482944894,Healthcare,37.955,12.001053879594256,Fair
538,TORNTPHARM,2022,1227158.01,1587401.56,51.26,10.52,24.64,3.52,1607.0,0.13095298135241767,Healthcare,37.955,35.05467000395205,Caution
539,TORNTPHARM,2023,1641817.42,1834980.01,38.01,12.97,38.94,0.58,33.0,0.0020099677100514626,Healthcare,37.955,0.14490844421024823,Fair
540,TORNTPHARM,2024,1870170.39,2275967.43,46.4,6.43,27.93,1.22,3106.0,0.1660811237632738,Healthcare,37.955,22.25003293373732,Caution
541,TRENT,2019,709354.25,819010.58,70.85,12.21,27.83,3.78,-16.0,-0.002255572585911764,Consumer Discretionary,44.144999999999996,60.49382716049383,Caution
542,TRENT,2020,704799.66,813935.48,50.52,9.53,10.9,1.25,-448.0,-0.0635641623323144,Consumer Discretionary,44.144999999999996,14.441046551138312,Fair
543,TRENT,2021,700098.06,798656.79,78.02,14.33,12.95,1.37,303.0,0.043279651424830395,Consumer Discretionary,44.144999999999996,76.73575716389173,Caution
544,TRENT,2022,607706.78,643881.28,68.1,13.78,13.28,1.2,114.0,0.018759046920621816,Consumer Discretionary,44.144999999999996,54.26435609921848,Caution
545,TRENT,2023,583656.73,607027.17,65.94,9.88,32.51,2.62,492.0,0.08429612385348491,Consumer Discretionary,44.144999999999996,49.371389738362225,Caution
546,TRENT,2024,571322.04,566293.08,8.65,11.82,34.65,3.46,841.0,0.14720244295143942,Consumer Discretionary,44.144999999999996,-80.40548193453392,Discount
547,TVSMOTOR,2019,143093.33,131403.61,15.6,6.89,21.67,3.67,-2022.0,-1.4130637675424844,Consumer Discretionary,44.144999999999996,-64.66190961603805,Discount
548,TVSMOTOR,2020,170247.22,163663.43,24.28,4.64,9.33,1.29,-717.0,-0.42115225141414936,Consumer Discretionary,44.144999999999996,-44.99943368444897,Discount
549,TVSMOTOR,2021,206731.04,206020.01,68.15,7.31,16.3,1.86,269.0,0.13012075980462343,Consumer Discretionary,44.144999999999996,54.37761920942352,Caution
550,TVSMOTOR,2022,249058.89,275637.72,8.52,13.87,7.31,4.22,-3046.0,-1.223003924895032,Consumer Discretionary,44.144999999999996,-80.69996602106696,Discount
551,TVSMOTOR,2023,215205.91,260053.04,46.5,7.83,7.55,1.07,-5713.0,-2.654666872299185,Consumer Discretionary,44.144999999999996,5.334692490655803,Fair
552,TVSMOTOR,2024,266591.41,334973.15,46.1,5.62,7.1,3.07,-2254.0,-0.8454886074536311,Consumer Discretionary,44.144999999999996,4.428587609015756,Fair
